target,r2,resid_std,resid_hl,coef_MICROCHIP_OVAL,coef_MICROCHIP_RECTANGLE,coef_MICROCHIP_SQUARE,coef_MICROCHIP_TRIANGLE,intercept,coef_MICROCHIP_CIRCLE
MICROCHIP_CIRCLE,0.5501999749369464,357.13471576722554,1404.390462854557,-0.21442162257043962,0.12396982342286368,-0.16261948563584008,-0.23032920612292057,14328.038892180732,
MICROCHIP_OVAL,0.9186291866441225,442.6842548112291,554.0100423270404,,0.4548644568807836,-0.23348490993799914,1.1261280731367862,-490.5604207452227,-0.32945233665896595
MICROCHIP_RECTANGLE,0.8078684880144804,329.6256830600202,627.5685775826167,0.252194689283331,,-0.2712089572427364,-0.33164490797021995,12595.888646662706,0.10560729802045771
MICROCHIP_SQUARE,0.8438648806774333,723.1926873838728,870.1291365064752,-0.6231300836088964,-1.305479316949482,,0.16662933657279463,34622.46568370463,-0.6668321009567486
MICROCHIP_TRIANGLE,0.8587195678153418,313.2358208437501,487.9683357594446,0.5638225951568628,-0.299484320697987,0.03125980431842279,,8897.550320098611,-0.1771853112850137
