r<=k,trace_stat,cv_5pct
0,61.53464328568945,69.8189
1,35.327618642140955,47.8545
2,20.71876848498744,29.7961
3,6.272233729243667,15.4943
4,1.2930109885754515,3.8415
