,MICROCHIP_CIRCLE,MICROCHIP_OVAL,MICROCHIP_RECTANGLE,MICROCHIP_SQUARE,MICROCHIP_TRIANGLE
MICROCHIP_CIRCLE,1.0,-0.41550078822888925,0.13851846258223308,-0.09379806617690656,-0.5933514510346928
MICROCHIP_OVAL,-0.41550078822888925,1.0,0.6524004777670764,-0.7316565719941786,0.8704587961153705
MICROCHIP_RECTANGLE,0.13851846258223308,0.6524004777670764,1.0,-0.8822983028170499,0.3384877266885645
MICROCHIP_SQUARE,-0.09379806617690656,-0.7316565719941786,-0.8822983028170499,1.0,-0.450494764019827
MICROCHIP_TRIANGLE,-0.5933514510346928,0.8704587961153705,0.3384877266885645,-0.450494764019827,1.0
