,MICROCHIP_CIRCLE,MICROCHIP_OVAL,MICROCHIP_RECTANGLE,MICROCHIP_SQUARE,MICROCHIP_TRIANGLE
MICROCHIP_CIRCLE,1.0,0.012610835283255893,0.009489781602619426,0.007532962943435006,0.003121848304692162
MICROCHIP_OVAL,0.012610835283255893,1.0,0.003417205420889697,0.005091578601633057,0.0019009375681978428
MICROCHIP_RECTANGLE,0.009489781602619426,0.003417205420889697,1.0,0.006099275941479037,0.006057060041678746
MICROCHIP_SQUARE,0.007532962943435006,0.005091578601633057,0.006099275941479037,1.0,0.0075535963506610645
MICROCHIP_TRIANGLE,0.003121848304692162,0.0019009375681978428,0.006057060041678746,0.0075535963506610645,1.0
