{"card_id": "03443608f945", "source_path": "ROUND_5/autoresearch/mr_study/01_fair_value_zoo/per_product/ROBOT_MOPPING/ranking.csv", "phase_tag": "autoresearch/mr_study/01_fair_value_zoo", "ext": ".csv", "products_mentioned": ["ROBOT_MOPPING"], "claim_summary": "CSV n=45 cols=11 sort_col=score", "columns": ["fv_id", "ic_abs", "half_life", "mean_abs_res", "res_to_spread", "adf_p", "z_ic", "z_hl", "z_res", "score", "product"], "n_rows": 45, "top_rows": [{"fv_id": "quad_500", "ic_abs": 0.0214087957664507, "half_life": 43.36329969508518, "mean_abs_res": 51.54905118762608, "res_to_spread": 6.254717947021272, "adf_p": 2.553429611774101e-14, "z_ic": 3.4309812747042816, "z_hl": 0.524134608273261, "z_res": 0.3350269043864913, "score": 4.290142787364034, "product": "ROBOT_MOPPING"}, {"fv_id": "ewma_10", "ic_abs": 0.0157604123924255, "half_life": 8.9995574984377, "mean_abs_res": 24.252999111489075, "res_to_spread": 2.9397682750602305, "adf_p": 1.0465933980938612e-30, "z_ic": 1.917424017565119, "z_hl": 0.7402332475647883, "z_res": 0.6359769404964535, "score": 3.293634205626361, "product": "ROBOT_MOPPING"}, {"fv_id": "holt", "ic_abs": 0.015298091503043, "half_life": 11.991498743373327, "mean_abs_res": 27.60525322189325, "res_to_spread": 3.3467798426330155, "adf_p": 9.202822528346597e-30, "z_ic": 1.7935391657560644, "z_hl": 0.7022670517558413, "z_res": 0.59902610923821, "score": 3.0948323267501157, "product": "ROBOT_MOPPING"}], "evidence_type": "backtest", "tags": ["mean_reversion", "stat_test", "microstructure"], "confidence": "high", "size": 8673}