{"card_id": "0387a095ebc5", "source_path": "ROUND_5/autoresearch/04_statistical_patterns/intraday/SNACKPACK_PISTACHIO.csv", "phase_tag": "autoresearch/04_statistical_patterns/intraday", "ext": ".csv", "products_mentioned": ["SNACKPACK_PISTACHIO"], "claim_summary": "CSV n=100 cols=4 sort_col=None", "columns": ["bin", "mean_ret", "vol", "mean_mid"], "n_rows": 100, "top_rows": [{"bin": 0, "mean_ret": -0.0016722408026755, "vol": 5.049669124611271, "mean_mid": 9629.64}, {"bin": 1, "mean_ret": 0.0583333333333333, "vol": 5.102700828126227, "mean_mid": 9636.838333333331}, {"bin": 2, "mean_ret": -0.045, "vol": 5.220919619400476, "mean_mid": 9624.993333333334}], "describe": {"bin": {"mean": 49.5, "max": 99.0, "min": 0.0}, "mean_ret": {"mean": -0.029566722408026765, "max": 0.5666666666666667, "min": -0.67}, "vol": {"mean": 5.23543643418576, "max": 5.865170327061301, "min": 4.673353327819798}, "mean_mid": {"mean": 9495.843916666667, "max": 9699.816666666668, "min": 9301.94}}, "evidence_type": "stat_test", "tags": ["intraday", "basket"], "confidence": "medium", "size": 5117, "raw_excerpt": ""}