{"card_id": "03dd871d5f41", "source_path": "ROUND_5/autoresearch/13_round2_research/A_sine/rolling_phase.csv", "phase_tag": "autoresearch/13_round2_research/A_sine", "ext": ".csv", "products_mentioned": ["MICROCHIP_OVAL", "UV_VISOR_AMBER", "OXYGEN_SHAKE_GARLIC", "SLEEP_POD_POLYESTER", "SLEEP_POD_SUEDE", "PEBBLES_XS", "PEBBLES_XL"], "claim_summary": "CSV n=385 cols=6 sort_col=None", "columns": ["product", "start", "period", "phi", "A", "r2"], "n_rows": 385, "top_rows": [{"product": "MICROCHIP_OVAL", "start": 0, "period": 30000.0, "phi": 2.870730465035515, "A": 168547.2994582412, "r2": 0.5948922986012801}, {"product": "MICROCHIP_OVAL", "start": 500, "period": 2090.0, "phi": -0.0458740663710183, "A": 283.449774675866, "r2": 0.7108575408201112}, {"product": "MICROCHIP_OVAL", "start": 1000, "period": 1621.0, "phi": 0.0274126445179295, "A": 367.57177008325175, "r2": 0.8358098615683245}], "describe": {"start": {"mean": 13500.0, "max": 27000.0, "min": 0.0}, "period": {"mean": 6463.420779220779, "max": 30000.0, "min": 456.0}, "phi": {"mean": 0.15904501771712382, "max": 3.1301614250491023, "min": -3.116238899280848}, "A": {"mean": 13690.862369399576, "max": 290737.95074812864, "min": 53.44482530510064}, "r2": {"mean": 0.7831813419700143, "max": 0.9771708044345556, "min": 0.3803076656525999}}, "evidence_type": "stat_test", "tags": ["ar1", "sine"], "confidence": "medium", "size": 32949, "raw_excerpt": ""}