{"card_id": "083ec46f388b", "source_path": "ROUND_5/autoresearch/mr_study/01_fair_value_zoo/per_product/OXYGEN_SHAKE_MORNING_BREATH/ranking.csv", "phase_tag": "autoresearch/mr_study/01_fair_value_zoo", "ext": ".csv", "products_mentioned": ["OXYGEN_SHAKE_MORNING_BREATH"], "claim_summary": "CSV n=45 cols=11 sort_col=score", "columns": ["fv_id", "ic_abs", "half_life", "mean_abs_res", "res_to_spread", "adf_p", "z_ic", "z_hl", "z_res", "score", "product"], "n_rows": 45, "top_rows": [{"fv_id": "ewma_10", "ic_abs": 0.0178929095863157, "half_life": 8.96011002451742, "mean_abs_res": 20.634661913001395, "res_to_spread": 1.6509600023364546, "adf_p": 4.5997988619194954e-30, "z_ic": 2.4227595921389624, "z_hl": 0.9912279908959384, "z_res": 0.6363860255847573, "score": 4.050373608619658, "product": "OXYGEN_SHAKE_MORNING_BREATH"}, {"fv_id": "holt", "ic_abs": 0.0164368442920212, "half_life": 12.005703101421016, "mean_abs_res": 23.661750004134717, "res_to_spread": 1.8935806633736063, "adf_p": 9.268614685067875e-30, "z_ic": 1.649713440282813, "z_hl": 0.9555827695405898, "z_res": 0.5962002008695181, "score": 3.201496410692921, "product": "OXYGEN_SHAKE_MORNING_BREATH"}, {"fv_id": "rangemid_500", "ic_abs": 0.0171585504507743, "half_life": 182.12275672793385, "mean_abs_res": 96.87774608460846, "res_to_spread": 7.7082935839737825, "adf_p": 0.0048984092073867, "z_ic": 2.0328776919005804, "z_hl": 0.602234105414403, "z_res": -0.3669042321898515, "score": 2.268207565125132, "product": "OXYGEN_SHAKE_MORNING_BREATH"}], "evidence_type": "backtest", "tags": ["mean_reversion", "stat_test", "microstructure"], "confidence": "high", "size": 9215}