{"card_id": "084f4b0b36c7", "source_path": "ROUND_5/autoresearch/mr_study/01_fair_value_zoo/fv_shortlist.csv", "phase_tag": "autoresearch/mr_study/01_fair_value_zoo", "ext": ".csv", "products_mentioned": ["GALAXY_SOUNDS_BLACK_HOLES", "GALAXY_SOUNDS_DARK_MATTER", "GALAXY_SOUNDS_PLANETARY_RINGS", "GALAXY_SOUNDS_SOLAR_FLAMES", "GALAXY_SOUNDS_SOLAR_WINDS", "MICROCHIP_CIRCLE", "MICROCHIP_OVAL", "MICROCHIP_RECTANGLE"], "claim_summary": "CSV n=400 cols=8 sort_col=score", "columns": ["product", "rank", "fv_id", "score", "ic_abs", "half_life", "mean_abs_res", "res_to_spread"], "n_rows": 400, "top_rows": [{"product": "ROBOT_MOPPING", "rank": 1, "fv_id": "quad_500", "score": 4.290142787364034, "ic_abs": 0.0214087957664507, "half_life": 43.36329969508518, "mean_abs_res": 51.54905118762608, "res_to_spread": 6.254717947021272}, {"product": "OXYGEN_SHAKE_MORNING_BREATH", "rank": 1, "fv_id": "ewma_10", "score": 4.050373608619658, "ic_abs": 0.0178929095863157, "half_life": 8.96011002451742, "mean_abs_res": 20.634661913001395, "res_to_spread": 1.6509600023364546}, {"product": "PANEL_1X2", "rank": 1, "fv_id": "quad_500", "score": 4.032636619962558, "ic_abs": 0.0157942805737574, "half_life": 49.31829020253837, "mean_abs_res": 42.45283936683282, "res_to_spread": 3.688268246694234}], "describe": {"rank": {"mean": 4.5, "max": 8.0, "min": 1.0}, "score": {"mean": 2.04155958667241, "max": 4.290142787364034, "min": 0.4592637764649379}, "ic_abs": {"mean": 0.015578844418412716, "max": 0.1001878224500886, "min": 0.0044424972959262}, "half_life": {"mean": Infinity, "max": Infinity, "min": 0.0769354862534206}, "mean_abs_res": {"mean": 29.700201942530867, "max": 242.1230219759476, "min": 4.163074039320479}, "res_to_spread": {"mean": 2.7326696308455825, "max": 34.79536772515793, "min": 0.2601921274575299}}, "evidence_type": "backtest", "tags": ["mean_reversion", "microstructure"], "confidence": "high", "size": 49849, "raw_excerpt": ""}