{"card_id": "09bded651fa6", "source_path": "ROUND_5/autoresearch/04_statistical_patterns/intraday/PEBBLES_XL.csv", "phase_tag": "autoresearch/04_statistical_patterns/intraday", "ext": ".csv", "products_mentioned": ["PEBBLES_XL"], "claim_summary": "CSV n=100 cols=4 sort_col=None", "columns": ["bin", "mean_ret", "vol", "mean_mid"], "n_rows": 100, "top_rows": [{"bin": 0, "mean_ret": -1.720735785953177, "vol": 31.89219631875458, "mean_mid": 11924.73}, {"bin": 1, "mean_ret": 0.6716666666666666, "vol": 30.217489739820255, "mean_mid": 11757.793333333331}, {"bin": 2, "mean_ret": 1.6733333333333331, "vol": 29.45868864491111, "mean_mid": 11892.648333333333}], "describe": {"bin": {"mean": 49.5, "max": 99.0, "min": 0.0}, "mean_ret": {"mean": 0.20220930880713486, "max": 3.651666666666667, "min": -3.69}, "vol": {"mean": 30.299271486591007, "max": 33.054698215775765, "min": 27.864218223209424}, "mean_mid": {"mean": 13225.589316666666, "max": 14657.83, "min": 11757.793333333331}}, "evidence_type": "stat_test", "tags": ["intraday", "basket"], "confidence": "medium", "size": 5164, "raw_excerpt": ""}