{"card_id": "0a4341f670d5", "source_path": "ROUND_5/autoresearch/mr_study/01_fair_value_zoo/per_product/UV_VISOR_RED/ranking.csv", "phase_tag": "autoresearch/mr_study/01_fair_value_zoo", "ext": ".csv", "products_mentioned": ["UV_VISOR_RED"], "claim_summary": "CSV n=45 cols=11 sort_col=score", "columns": ["fv_id", "ic_abs", "half_life", "mean_abs_res", "res_to_spread", "adf_p", "z_ic", "z_hl", "z_res", "score", "product"], "n_rows": 45, "top_rows": [{"fv_id": "lattice_2", "ic_abs": 0.0097487365942731, "half_life": 0.1272883668568526, "mean_abs_res": 8.880545212021202, "res_to_spread": 0.611933609372842, "adf_p": 0.0, "z_ic": 0.9420988472715748, "z_hl": 1.3384698494182046, "z_res": 0.9372086286930414, "score": 3.217777325382821, "product": "UV_VISOR_RED"}, {"fv_id": "ofi_lag1", "ic_abs": 0.0096932595984627, "half_life": 0.1317075656185407, "mean_abs_res": 8.866168080222725, "res_to_spread": 0.6109472329131493, "adf_p": 0.0, "z_ic": 0.923099530617028, "z_hl": 1.3368770087629038, "z_res": 0.9374039693207028, "score": 3.1973805087006344, "product": "UV_VISOR_RED"}, {"fv_id": "mid_anchor", "ic_abs": 0.0096429814504547, "half_life": 0.1317117312390109, "mean_abs_res": 8.866044344434442, "res_to_spread": 0.61093914677182, "adf_p": 0.0, "z_ic": 0.905880673668225, "z_hl": 1.336875510257283, "z_res": 0.93740557068893, "score": 3.1801617546144376, "product": "UV_VISOR_RED"}], "evidence_type": "backtest", "tags": ["mean_reversion", "stat_test", "microstructure"], "confidence": "high", "size": 8831}