{"card_id": "0ad846da3c27", "source_path": "ROUND_5/autoresearch/mr_study/01_fair_value_zoo/per_product/UV_VISOR_MAGENTA/ranking.csv", "phase_tag": "autoresearch/mr_study/01_fair_value_zoo", "ext": ".csv", "products_mentioned": ["UV_VISOR_MAGENTA"], "claim_summary": "CSV n=45 cols=11 sort_col=score", "columns": ["fv_id", "ic_abs", "half_life", "mean_abs_res", "res_to_spread", "adf_p", "z_ic", "z_hl", "z_res", "score", "product"], "n_rows": 45, "top_rows": [{"fv_id": "median_50", "ic_abs": 0.0122308579525534, "half_life": 22.989739145255907, "mean_abs_res": 37.76095600060006, "res_to_spread": 2.5173970667066707, "adf_p": 7.41557133907992e-27, "z_ic": 0.9133614118992308, "z_hl": 0.30195783559056, "z_res": 0.5136407499639205, "score": 1.728959997453711, "product": "UV_VISOR_MAGENTA"}, {"fv_id": "mean_50", "ic_abs": 0.0119740150475272, "half_life": 21.602168765961093, "mean_abs_res": 37.098972200820086, "res_to_spread": 2.4732648133880057, "adf_p": 1.483609054363088e-24, "z_ic": 0.8487294455585584, "z_hl": 0.3143026159364943, "z_res": 0.5236011604782845, "score": 1.686633221973337, "product": "UV_VISOR_MAGENTA"}, {"fv_id": "microprice_ewma25", "ic_abs": 0.0113810981742692, "half_life": 22.89942936029764, "mean_abs_res": 38.10114403373205, "res_to_spread": 2.54007626891547, "adf_p": 2.1779030728234018e-22, "z_ic": 0.6995278026659404, "z_hl": 0.3027392985943117, "z_res": 0.508522176876188, "score": 1.51078927813644, "product": "UV_VISOR_MAGENTA"}], "evidence_type": "backtest", "tags": ["mean_reversion", "stat_test", "microstructure"], "confidence": "high", "size": 8927}