{"card_id": "0cf6ff3e7c57", "source_path": "ROUND_5/autoresearch/04_statistical_patterns/intraday/OXYGEN_SHAKE_MINT.csv", "phase_tag": "autoresearch/04_statistical_patterns/intraday", "ext": ".csv", "products_mentioned": ["OXYGEN_SHAKE_MINT"], "claim_summary": "CSV n=100 cols=4 sort_col=None", "columns": ["bin", "mean_ret", "vol", "mean_mid"], "n_rows": 100, "top_rows": [{"bin": 0, "mean_ret": 0.0050167224080267, "vol": 9.87441995151685, "mean_mid": 9933.48}, {"bin": 1, "mean_ret": -0.2183333333333333, "vol": 10.234205412421344, "mean_mid": 9919.176666666666}, {"bin": 2, "mean_ret": -0.3316666666666666, "vol": 9.860354245243654, "mean_mid": 9938.463333333331}], "describe": {"bin": {"mean": 49.5, "max": 99.0, "min": 0.0}, "mean_ret": {"mean": 0.005166833890746949, "max": 1.8766666666666667, "min": -1.0833333333333333}, "vol": {"mean": 9.870921897122482, "max": 10.811584892742442, "min": 8.615372820106595}, "mean_mid": {"mean": 9838.39408333333, "max": 10108.138333333334, "min": 9457.611666666666}}, "evidence_type": "stat_test", "tags": ["intraday"], "confidence": "medium", "size": 5073, "raw_excerpt": ""}