{"card_id": "17f8e867df46", "source_path": "ROUND_5/autoresearch/mr_study/01_fair_value_zoo/per_product/ROBOT_IRONING/ranking.csv", "phase_tag": "autoresearch/mr_study/01_fair_value_zoo", "ext": ".csv", "products_mentioned": ["ROBOT_IRONING"], "claim_summary": "CSV n=45 cols=11 sort_col=score", "columns": ["fv_id", "ic_abs", "half_life", "mean_abs_res", "res_to_spread", "adf_p", "z_ic", "z_hl", "z_res", "score", "product"], "n_rows": 45, "top_rows": [{"fv_id": "ar1_dx", "ic_abs": 0.1001878224500886, "half_life": 0.1399532737119154, "mean_abs_res": 6.872062758811636, "res_to_spread": 1.1453437931352726, "adf_p": 0.0, "z_ic": 1.4842304627917415, "z_hl": 1.024022334516967, "z_res": 0.8259475565986935, "score": 3.334200353907402, "product": "ROBOT_IRONING"}, {"fv_id": "ar2_dx", "ic_abs": 0.1000809913364719, "half_life": 0.1406835692409636, "mean_abs_res": 6.89349239711366, "res_to_spread": 1.1489153995189434, "adf_p": 0.0, "z_ic": 1.4813101558478323, "z_hl": 1.0239301546530215, "z_res": 0.8255973191336817, "score": 3.330837629634536, "product": "ROBOT_IRONING"}, {"fv_id": "ar3_dx", "ic_abs": 0.0999839270049854, "half_life": 0.138550558849486, "mean_abs_res": 6.901914431436937, "res_to_spread": 1.1503190719061562, "adf_p": 0.0, "z_ic": 1.4786568310658514, "z_hl": 1.0241995547209222, "z_res": 0.8254596727623311, "score": 3.3283160585491047, "product": "ROBOT_IRONING"}], "evidence_type": "backtest", "tags": ["mean_reversion", "stat_test", "microstructure"], "confidence": "high", "size": 8658}