{"card_id": "1a627da5f2ae", "source_path": "ROUND_5/autoresearch/04_statistical_patterns/intraday/SLEEP_POD_COTTON.csv", "phase_tag": "autoresearch/04_statistical_patterns/intraday", "ext": ".csv", "products_mentioned": ["SLEEP_POD_COTTON"], "claim_summary": "CSV n=100 cols=4 sort_col=None", "columns": ["bin", "mean_ret", "vol", "mean_mid"], "n_rows": 100, "top_rows": [{"bin": 0, "mean_ret": 0.3260869565217391, "vol": 11.089773468214116, "mean_mid": 11113.678333333331}, {"bin": 1, "mean_ret": -0.5283333333333333, "vol": 10.872091417702102, "mean_mid": 11100.958333333334}, {"bin": 2, "mean_ret": 0.365, "vol": 11.567279203016374, "mean_mid": 11114.671666666669}], "describe": {"bin": {"mean": 49.5, "max": 99.0, "min": 0.0}, "mean_ret": {"mean": 0.04714420289855072, "max": 1.855, "min": -1.365}, "vol": {"mean": 11.665827213352927, "max": 13.12999026542376, "min": 10.192499893015414}, "mean_mid": {"mean": 11527.613966666668, "max": 11929.321666666669, "min": 11100.958333333334}}, "evidence_type": "stat_test", "tags": ["intraday", "basket"], "confidence": "medium", "size": 5236, "raw_excerpt": ""}