{"card_id": "1a820cb46190", "source_path": "ROUND_5/autoresearch/04_statistical_patterns/intraday/TRANSLATOR_ASTRO_BLACK.csv", "phase_tag": "autoresearch/04_statistical_patterns/intraday", "ext": ".csv", "products_mentioned": ["TRANSLATOR_ASTRO_BLACK"], "claim_summary": "CSV n=100 cols=4 sort_col=None", "columns": ["bin", "mean_ret", "vol", "mean_mid"], "n_rows": 100, "top_rows": [{"bin": 0, "mean_ret": 0.5702341137123745, "vol": 10.258737491107263, "mean_mid": 9766.373333333331}, {"bin": 1, "mean_ret": -1.445, "vol": 9.418430394905457, "mean_mid": 9747.15}, {"bin": 2, "mean_ret": 0.3333333333333333, "vol": 10.572834924941173, "mean_mid": 9678.448333333334}], "describe": {"bin": {"mean": 49.5, "max": 99.0, "min": 0.0}, "mean_ret": {"mean": -0.034530992196209566, "max": 1.2583333333333333, "min": -1.445}, "vol": {"mean": 9.43857508721964, "max": 10.572834924941173, "min": 8.301160413704034}, "mean_mid": {"mean": 9385.219166666666, "max": 9771.406666666666, "min": 9006.201666666666}}, "evidence_type": "stat_test", "tags": ["intraday"], "confidence": "medium", "size": 4987, "raw_excerpt": ""}