{"card_id": "1c2d0aa60878", "source_path": "ROUND_5/autoresearch/05_cross_product/groups/galaxy_sounds/engle_granger.csv", "phase_tag": "autoresearch/05_cross_product/groups", "ext": ".csv", "products_mentioned": [], "claim_summary": "CSV n=10 cols=10 sort_col=None", "columns": ["a", "b", "slope", "intercept", "adf_p", "ou_hl", "wf1_sharpe", "wf1_pnl", "wf2_sharpe", "wf2_pnl"], "n_rows": 10, "top_rows": [{"a": "GALAXY_SOUNDS_BLACK_HOLES", "b": "GALAXY_SOUNDS_DARK_MATTER", "slope": -0.0233791312739426, "intercept": 11705.962552439403, "adf_p": 0.8850842425803512, "ou_hl": 17716.72802458707, "wf1_sharpe": -1.3821789203742934, "wf1_pnl": -342.99843295368737, "wf2_sharpe": -1.03526991288047, "wf2_pnl": -1306.2036612259835}, {"a": "GALAXY_SOUNDS_BLACK_HOLES", "b": "GALAXY_SOUNDS_PLANETARY_RINGS", "slope": 0.0929871274358984, "intercept": 10465.710071974045, "adf_p": 0.9149393411307154, "ou_hl": 24621.37384264444, "wf1_sharpe": -1.0935247505823125, "wf1_pnl": -225.5662449249994, "wf2_sharpe": -1.1734527914476445, "wf2_pnl": -1484.808254179232}, {"a": "GALAXY_SOUNDS_BLACK_HOLES", "b": "GALAXY_SOUNDS_SOLAR_FLAMES", "slope": -0.2493148592718113, "intercept": 14232.415035681312, "adf_p": 0.7967321979233364, "ou_hl": 10726.684448110234, "wf1_sharpe": 2.549539091849243, "wf1_pnl": 840.2382762418329, "wf2_sharpe": -1.0565196254272269, "wf2_pnl": -1365.3766746689253}], "evidence_type": "backtest", "tags": ["mean_reversion", "stat_test", "backtest", "cointegration"], "confidence": "medium", "size": 2013}