{"card_id": "1cce3e2aab4f", "source_path": "ROUND_5/autoresearch/05_cross_product/groups/oxygen_shake/engle_granger.csv", "phase_tag": "autoresearch/05_cross_product/groups", "ext": ".csv", "products_mentioned": [], "claim_summary": "CSV n=10 cols=10 sort_col=None", "columns": ["a", "b", "slope", "intercept", "adf_p", "ou_hl", "wf1_sharpe", "wf1_pnl", "wf2_sharpe", "wf2_pnl"], "n_rows": 10, "top_rows": [{"a": "OXYGEN_SHAKE_CHOCOLATE", "b": "OXYGEN_SHAKE_EVENING_BREATH", "slope": 0.1595613694593625, "intercept": 8077.442869649917, "adf_p": 0.7959359058981421, "ou_hl": 5240.067752202578, "wf1_sharpe": 0.978598915014451, "wf1_pnl": 402.6991149756532, "wf2_sharpe": -0.7877540912559325, "wf2_pnl": -864.4342054189037}, {"a": "OXYGEN_SHAKE_CHOCOLATE", "b": "OXYGEN_SHAKE_GARLIC", "slope": 0.3797537773377463, "intercept": 5028.072384772428, "adf_p": 0.0300493333927123, "ou_hl": 1418.1608768339977, "wf1_sharpe": NaN, "wf1_pnl": 0.0, "wf2_sharpe": 0.650426171570417, "wf2_pnl": 623.0469278336677}, {"a": "OXYGEN_SHAKE_CHOCOLATE", "b": "OXYGEN_SHAKE_MINT", "slope": -0.2723132806594919, "intercept": 12236.004502586768, "adf_p": 0.7996930958741388, "ou_hl": 4951.661841838031, "wf1_sharpe": NaN, "wf1_pnl": 0.0, "wf2_sharpe": -0.4836203293180707, "wf2_pnl": -531.647975410413}], "describe": {"slope": {"mean": -0.17545031438874162, "max": 0.3797537773377463, "min": -0.8147590256844146}, "intercept": {"mean": 11659.283312467134, "max": 20073.599394515117, "min": 5028.072384772428}, "adf_p": {"mean": 0.4169605005690591, "max": 0.7996930958741388, "min": 0.0300493333927123}, "ou_hl": {"mean": 3503.359663311596, "max": 8222.788465956066, "min": 1390.6084514464123}, "wf1_sharpe": {"mean": 1.2649122737372769, "max": 1.6500462812575687, "min": 0.6657531425004922}, "wf1_pnl": {"mean": 466.88704137184067, "max": 1590.5219557574346, "min": 0.0}}, "evidence_type": "backtest", "tags": ["mean_reversion", "stat_test", "backtest", "cointegration"], "confidence": "medium", "size": 1831}