{"card_id": "1dbf89b390c9", "source_path": "ROUND_5/autoresearch/05_cross_product/groups/panel/ret_corr.csv", "phase_tag": "autoresearch/05_cross_product/groups", "ext": ".csv", "products_mentioned": ["PANEL_1X2", "PANEL_1X4", "PANEL_2X2", "PANEL_2X4", "PANEL_4X4"], "claim_summary": "CSV n=5 cols=6 sort_col=None", "columns": ["Unnamed: 0", "PANEL_1X2", "PANEL_1X4", "PANEL_2X2", "PANEL_2X4", "PANEL_4X4"], "n_rows": 5, "top_rows": [{"Unnamed: 0": "PANEL_1X2", "PANEL_1X2": 1.0, "PANEL_1X4": 0.005337500651813, "PANEL_2X2": 0.0102966641125734, "PANEL_2X4": 0.0044070499768313, "PANEL_4X4": 0.0079799450254575}, {"Unnamed: 0": "PANEL_1X4", "PANEL_1X2": 0.005337500651813, "PANEL_1X4": 1.0, "PANEL_2X2": 0.0053888619031442, "PANEL_2X4": 0.0102333375832371, "PANEL_4X4": -3.378067611162759e-05}, {"Unnamed: 0": "PANEL_2X2", "PANEL_1X2": 0.0102966641125734, "PANEL_1X4": 0.0053888619031442, "PANEL_2X2": 1.0, "PANEL_2X4": -0.0077166553919981, "PANEL_4X4": 0.001415745374037}], "describe": {"PANEL_1X2": {"mean": 0.20560423195333505, "max": 1.0, "min": 0.0044070499768313}, "PANEL_1X4": {"mean": 0.20418518389241652, "max": 1.0, "min": -3.378067611162759e-05}, "PANEL_2X2": {"mean": 0.20187692319955133, "max": 1.0, "min": -0.0077166553919981}, "PANEL_2X4": {"mean": 0.20258033986917784, "max": 1.0, "min": -0.0077166553919981}, "PANEL_4X4": {"mean": 0.20306797538024038, "max": 1.0, "min": -3.378067611162759e-05}}, "evidence_type": "stat_test", "tags": [], "confidence": "medium", "size": 549, "raw_excerpt": ""}