{"card_id": "1fb27000706b", "source_path": "ROUND_5/autoresearch/mr_study/01_fair_value_zoo/per_product/UV_VISOR_ORANGE/ranking.csv", "phase_tag": "autoresearch/mr_study/01_fair_value_zoo", "ext": ".csv", "products_mentioned": ["UV_VISOR_ORANGE"], "claim_summary": "CSV n=45 cols=11 sort_col=score", "columns": ["fv_id", "ic_abs", "half_life", "mean_abs_res", "res_to_spread", "adf_p", "z_ic", "z_hl", "z_res", "score", "product"], "n_rows": 45, "top_rows": [{"fv_id": "lattice_5", "ic_abs": 0.0057654059548202, "half_life": 0.1529163457324631, "mean_abs_res": 8.602909763476347, "res_to_spread": 0.6144935545340249, "adf_p": 0.0, "z_ic": -0.1382178098896406, "z_hl": 1.3086248321117695, "z_res": 0.8125155951813203, "score": 1.982922617403449, "product": "UV_VISOR_ORANGE"}, {"fv_id": "ar2_dx", "ic_abs": 0.0052426648062916, "half_life": 0.1374525635230275, "mean_abs_res": 8.537905300490053, "res_to_spread": 0.6098503786064323, "adf_p": 0.0, "z_ic": -0.3554917064073374, "z_hl": 1.313974069861587, "z_res": 0.8132651470772709, "score": 1.7717475105315204, "product": "UV_VISOR_ORANGE"}, {"fv_id": "ar1_dx", "ic_abs": 0.0051080120538078, "half_life": 0.1371957642127394, "mean_abs_res": 8.536065893975469, "res_to_spread": 0.6097189924268192, "adf_p": 0.0, "z_ic": -0.4114592312355448, "z_hl": 1.3140635145611297, "z_res": 0.813286356861601, "score": 1.7158906401871856, "product": "UV_VISOR_ORANGE"}], "evidence_type": "backtest", "tags": ["mean_reversion", "stat_test", "microstructure"], "confidence": "high", "size": 8952}