{"card_id": "23505cd40824", "source_path": "ROUND_5/autoresearch/mr_study/01_fair_value_zoo/per_product/PANEL_2X4/ranking.csv", "phase_tag": "autoresearch/mr_study/01_fair_value_zoo", "ext": ".csv", "products_mentioned": ["PANEL_2X4"], "claim_summary": "CSV n=45 cols=11 sort_col=score", "columns": ["fv_id", "ic_abs", "half_life", "mean_abs_res", "res_to_spread", "adf_p", "z_ic", "z_hl", "z_res", "score", "product"], "n_rows": 45, "top_rows": [{"fv_id": "lattice_2", "ic_abs": 0.00924868095866, "half_life": 0.1542707698949852, "mean_abs_res": 9.28705402790279, "res_to_spread": 0.8851574116275265, "adf_p": 0.0, "z_ic": 0.056305555024692, "z_hl": 1.3483184013597718, "z_res": 0.9424145601175616, "score": 2.3470385165020256, "product": "PANEL_2X4"}, {"fv_id": "markov_50", "ic_abs": 0.0089827228844193, "half_life": 0.1513637694178713, "mean_abs_res": 9.29109001954362, "res_to_spread": 0.8855416614214352, "adf_p": 0.0, "z_ic": -0.032779174054756, "z_hl": 1.3493989070872627, "z_res": 0.9423550074716645, "score": 2.258974740504171, "product": "PANEL_2X4"}, {"fv_id": "lattice_1", "ic_abs": 0.008660850755173, "half_life": 0.1526668645021796, "mean_abs_res": 9.27750396289629, "res_to_spread": 0.8842083148087536, "adf_p": 0.0, "z_ic": -0.1405927514917425, "z_hl": 1.348914221491463, "z_res": 0.9425616551262422, "score": 2.1508831251259624, "product": "PANEL_2X4"}], "evidence_type": "backtest", "tags": ["mean_reversion", "stat_test", "microstructure"], "confidence": "high", "size": 8676}