{"card_id": "2443d4e442c3", "source_path": "ROUND_5/autoresearch/mr_study/01_fair_value_zoo/per_product/SNACKPACK_RASPBERRY/ranking.csv", "phase_tag": "autoresearch/mr_study/01_fair_value_zoo", "ext": ".csv", "products_mentioned": ["SNACKPACK_RASPBERRY"], "claim_summary": "CSV n=45 cols=11 sort_col=score", "columns": ["fv_id", "ic_abs", "half_life", "mean_abs_res", "res_to_spread", "adf_p", "z_ic", "z_hl", "z_res", "score", "product"], "n_rows": 45, "top_rows": [{"fv_id": "ar3_dx", "ic_abs": 0.019577290440155, "half_life": 0.1456406006598627, "mean_abs_res": 6.457917019617652, "res_to_spread": 0.3798774717422147, "adf_p": 0.0, "z_ic": 0.7268570070216066, "z_hl": 1.0636011920571695, "z_res": 0.9907655757182056, "score": 2.781223774796982, "product": "SNACKPACK_RASPBERRY"}, {"fv_id": "ar1_dx", "ic_abs": 0.0195312579407497, "half_life": 0.1461172057278941, "mean_abs_res": 6.453965719184902, "res_to_spread": 0.3796450423049942, "adf_p": 0.0, "z_ic": 0.7125373579627851, "z_hl": 1.0635427955890044, "z_res": 0.9908688398368451, "score": 2.766948993388634, "product": "SNACKPACK_RASPBERRY"}, {"fv_id": "ar5_dx", "ic_abs": 0.0195304372753388, "half_life": 0.1486126278826753, "mean_abs_res": 6.461608851674472, "res_to_spread": 0.3800946383337925, "adf_p": 0.0, "z_ic": 0.7122820678779289, "z_hl": 1.06323743760874, "z_res": 0.9906690926008112, "score": 2.7661885980874805, "product": "SNACKPACK_RASPBERRY"}], "evidence_type": "backtest", "tags": ["microstructure", "mean_reversion", "stat_test", "basket"], "confidence": "high", "size": 8942}