{"card_id": "259cbdb7bfca", "source_path": "ROUND_5/autoresearch/04_statistical_patterns/intraday/PANEL_2X2.csv", "phase_tag": "autoresearch/04_statistical_patterns/intraday", "ext": ".csv", "products_mentioned": ["PANEL_2X2"], "claim_summary": "CSV n=100 cols=4 sort_col=None", "columns": ["bin", "mean_ret", "vol", "mean_mid"], "n_rows": 100, "top_rows": [{"bin": 0, "mean_ret": -1.105351170568562, "vol": 9.990000275128663, "mean_mid": 9717.955}, {"bin": 1, "mean_ret": 0.2516666666666666, "vol": 9.461990352297915, "mean_mid": 9668.165}, {"bin": 2, "mean_ret": -0.4283333333333333, "vol": 9.59544714479655, "mean_mid": 9636.225}], "describe": {"bin": {"mean": 49.5, "max": 99.0, "min": 0.0}, "mean_ret": {"mean": -0.020270178372352298, "max": 1.6366666666666667, "min": -1.33}, "vol": {"mean": 9.590162854499996, "max": 10.66834822482627, "min": 8.475983514851572}, "mean_mid": {"mean": 9576.598433333334, "max": 9872.781666666666, "min": 9263.473333333332}}, "evidence_type": "stat_test", "tags": ["intraday"], "confidence": "medium", "size": 5099, "raw_excerpt": ""}