{"card_id": "263052e51239", "source_path": "ROUND_5/autoresearch/05_cross_product/groups/pebbles/basket_residual.csv", "phase_tag": "autoresearch/05_cross_product/groups", "ext": ".csv", "products_mentioned": ["PEBBLES_L", "PEBBLES_M", "PEBBLES_S", "PEBBLES_XL", "PEBBLES_XS"], "claim_summary": "CSV n=5 cols=10 sort_col=None", "columns": ["target", "r2", "resid_std", "resid_hl", "coef_PEBBLES_M", "coef_PEBBLES_S", "coef_PEBBLES_XL", "coef_PEBBLES_XS", "intercept", "coef_PEBBLES_L"], "n_rows": 5, "top_rows": [{"target": "PEBBLES_L", "r2": 0.9999797794506762, "resid_std": 2.798408582766374, "resid_hl": 0.159599921339653, "coef_PEBBLES_M": -0.9999836305404224, "coef_PEBBLES_S": -1.0000072904444104, "coef_PEBBLES_XL": -0.9999906030793704, "coef_PEBBLES_XS": -0.9999869786873768, "intercept": 49999.6160024968, "coef_PEBBLES_L": NaN}, {"target": "PEBBLES_M", "r2": 0.9999834471151662, "resid_std": 2.798354040913981, "resid_hl": 0.1596039353064295, "coef_PEBBLES_M": NaN, "coef_PEBBLES_S": -0.9999929837777546, "coef_PEBBLES_XL": -0.9999655981565624, "coef_PEBBLES_XS": -0.9999671920379122, "intercept": 49998.61586865404, "coef_PEBBLES_L": -0.9999446509372109}, {"target": "PEBBLES_S", "r2": 0.9999887223737248, "resid_std": 2.798296213303388, "resid_hl": 0.1596206229219932, "coef_PEBBLES_M": -0.9999516547632848, "coef_PEBBLES_S": NaN, "coef_PEBBLES_XL": -0.9999458730635654, "coef_PEBBLES_XS": -0.9999260066864872, "intercept": 49997.43675597061, "coef_PEBBLES_L": -0.9999269819242153}], "evidence_type": "stat_test", "tags": ["basket", "ar1"], "confidence": "medium", "size": 947}