{"card_id": "2676d2634e1b", "source_path": "ROUND_5/autoresearch/mr_study/01_fair_value_zoo/per_product/SNACKPACK_CHOCOLATE/ranking.csv", "phase_tag": "autoresearch/mr_study/01_fair_value_zoo", "ext": ".csv", "products_mentioned": ["SNACKPACK_CHOCOLATE"], "claim_summary": "CSV n=45 cols=11 sort_col=score", "columns": ["fv_id", "ic_abs", "half_life", "mean_abs_res", "res_to_spread", "adf_p", "z_ic", "z_hl", "z_res", "score", "product"], "n_rows": 45, "top_rows": [{"fv_id": "ar1_dx", "ic_abs": 0.0323415554831869, "half_life": 0.0885373768942106, "mean_abs_res": 5.218148808845267, "res_to_spread": 0.3165031553605658, "adf_p": 0.0, "z_ic": 1.4111895848058569, "z_hl": 1.225868549180447, "z_res": 0.989046441828222, "score": 3.6261045758145256, "product": "SNACKPACK_CHOCOLATE"}, {"fv_id": "ewma_10", "ic_abs": 0.0126749021936613, "half_life": 9.076506297905423, "mean_abs_res": 13.972221966035503, "res_to_spread": 0.8468249705957791, "adf_p": 4.4335414775519305e-30, "z_ic": -0.3238778827939059, "z_hl": 0.926706580857652, "z_res": 0.7361103255915473, "score": 1.3389390236552934, "product": "SNACKPACK_CHOCOLATE"}, {"fv_id": "holt", "ic_abs": 0.0132117675096757, "half_life": 12.12920100329499, "mean_abs_res": 16.056933751319185, "res_to_spread": 0.9727979269351482, "adf_p": 7.149563349344859e-28, "z_ic": -0.2765135686634802, "z_hl": 0.891131445436976, "z_res": 0.6760277315666344, "score": 1.2906456083401303, "product": "SNACKPACK_CHOCOLATE"}], "evidence_type": "backtest", "tags": ["microstructure", "mean_reversion", "stat_test", "basket"], "confidence": "high", "size": 8876}