{"card_id": "2b6b14a4c77d", "source_path": "ROUND_5/autoresearch/05_cross_product/groups/pebbles/engle_granger.csv", "phase_tag": "autoresearch/05_cross_product/groups", "ext": ".csv", "products_mentioned": [], "claim_summary": "CSV n=10 cols=10 sort_col=None", "columns": ["a", "b", "slope", "intercept", "adf_p", "ou_hl", "wf1_sharpe", "wf1_pnl", "wf2_sharpe", "wf2_pnl"], "n_rows": 10, "top_rows": [{"a": "PEBBLES_L", "b": "PEBBLES_M", "slope": 0.3034560468669369, "intercept": 7059.667378884967, "adf_p": 0.3424276730548151, "ou_hl": 2392.0954181042944, "wf1_sharpe": 1.488649948190309, "wf1_pnl": 898.5649131532991, "wf2_sharpe": 0.4364970125553229, "wf2_pnl": 529.4223137951903}, {"a": "PEBBLES_L", "b": "PEBBLES_S", "slope": -0.1015925059659332, "intercept": 11081.57108805435, "adf_p": 0.4185944194264324, "ou_hl": 2839.8020637477553, "wf1_sharpe": -0.144390294500863, "wf1_pnl": -58.17929742244269, "wf2_sharpe": 0.5800602218729897, "wf2_pnl": 725.7025996888133}, {"a": "PEBBLES_L", "b": "PEBBLES_XL", "slope": -0.0690888474205252, "intercept": 11087.851305679043, "adf_p": 0.3753759714685355, "ou_hl": 2870.112068751142, "wf1_sharpe": -0.456347195734138, "wf1_pnl": -316.0654248626943, "wf2_sharpe": 0.645736424387676, "wf2_pnl": 739.1776499336902}], "describe": {"slope": {"mean": -0.1631122058910636, "max": 0.4588925284576494, "min": -1.0142587046768663}, "intercept": {"mean": 11660.887931037334, "max": 20735.809655004818, "min": 5534.422868489607}, "adf_p": {"mean": 0.22044922609038844, "max": 0.4185944194264324, "min": 0.0425299745143157}, "ou_hl": {"mean": 2036.8781942995315, "max": 2870.112068751142, "min": 1270.6371669191117}, "wf1_sharpe": {"mean": 0.8156503689930612, "max": 2.8956076345122472, "min": -0.456347195734138}, "wf1_pnl": {"mean": 661.096537880261, "max": 1972.6869728732072, "min": -316.0654248626943}}, "evidence_type": "backtest", "tags": ["cointegration", "mean_reversion", "stat_test", "basket", "backtest"], "confidence": "medium", "size": 1695}