{"card_id": "2ca7c3f7fad6", "source_path": "ROUND_5/autoresearch/04_statistical_patterns/intraday/UV_VISOR_RED.csv", "phase_tag": "autoresearch/04_statistical_patterns/intraday", "ext": ".csv", "products_mentioned": ["UV_VISOR_RED"], "claim_summary": "CSV n=100 cols=4 sort_col=None", "columns": ["bin", "mean_ret", "vol", "mean_mid"], "n_rows": 100, "top_rows": [{"bin": 0, "mean_ret": 0.6137123745819398, "vol": 10.252292881418771, "mean_mid": 10650.753333333334}, {"bin": 1, "mean_ret": -0.2616666666666666, "vol": 10.619791135804698, "mean_mid": 10720.896666666667}, {"bin": 2, "mean_ret": -0.4616666666666666, "vol": 10.294949433338932, "mean_mid": 10612.778333333334}], "describe": {"bin": {"mean": 49.5, "max": 99.0, "min": 0.0}, "mean_ret": {"mean": 0.0574371237458194, "max": 1.2833333333333334, "min": -1.385}, "vol": {"mean": 11.021081492387163, "max": 12.313411287997331, "min": 9.649742662103275}, "mean_mid": {"mean": 11063.293583333334, "max": 11303.011666666667, "min": 10582.115}}, "evidence_type": "stat_test", "tags": ["intraday"], "confidence": "medium", "size": 5285, "raw_excerpt": ""}