{"card_id": "2f9ef75ac0cb", "source_path": "ROUND_5/autoresearch/04_statistical_patterns/intraday/ROBOT_DISHES.csv", "phase_tag": "autoresearch/04_statistical_patterns/intraday", "ext": ".csv", "products_mentioned": ["ROBOT_DISHES"], "claim_summary": "CSV n=100 cols=4 sort_col=None", "columns": ["bin", "mean_ret", "vol", "mean_mid"], "n_rows": 100, "top_rows": [{"bin": 0, "mean_ret": -0.4280936454849498, "vol": 10.043479973484205, "mean_mid": 9992.693333333333}, {"bin": 1, "mean_ret": -0.2233333333333333, "vol": 9.823873158536074, "mean_mid": 9969.561666666666}, {"bin": 2, "mean_ret": 0.925, "vol": 9.707522597618691, "mean_mid": 10045.771666666667}], "describe": {"bin": {"mean": 49.5, "max": 99.0, "min": 0.0}, "mean_ret": {"mean": 0.03998573021181718, "max": 1.75, "min": -1.37}, "vol": {"mean": 17.11302434629802, "max": 27.09757236531799, "min": 7.917900038876531}, "mean_mid": {"mean": 10018.3149, "max": 10459.815, "min": 9732.498333333331}}, "evidence_type": "stat_test", "tags": ["intraday"], "confidence": "medium", "size": 5088, "raw_excerpt": ""}