{"card_id": "3a479b8aa882", "source_path": "ROUND_5/autoresearch/mr_study/01_fair_value_zoo/per_product/TRANSLATOR_SPACE_GRAY/ranking.csv", "phase_tag": "autoresearch/mr_study/01_fair_value_zoo", "ext": ".csv", "products_mentioned": ["TRANSLATOR_SPACE_GRAY"], "claim_summary": "CSV n=45 cols=11 sort_col=score", "columns": ["fv_id", "ic_abs", "half_life", "mean_abs_res", "res_to_spread", "adf_p", "z_ic", "z_hl", "z_res", "score", "product"], "n_rows": 45, "top_rows": [{"fv_id": "lattice_5", "ic_abs": 0.0105629312794452, "half_life": 0.160152228170679, "mean_abs_res": 7.516565254025402, "res_to_spread": 0.8859036428642864, "adf_p": 0.0, "z_ic": 0.9520442909676584, "z_hl": 0.9487188104744516, "z_res": 0.8516413355474975, "score": 2.7524044369896075, "product": "TRANSLATOR_SPACE_GRAY"}, {"fv_id": "markov_50", "ic_abs": 0.0093778251876843, "half_life": 0.1647634044117426, "mean_abs_res": 7.427150435921115, "res_to_spread": 0.8752791380204152, "adf_p": 0.0, "z_ic": 0.5890286260548218, "z_hl": 0.9479735153426986, "z_res": 0.8528947121617573, "score": 2.3898968535592777, "product": "TRANSLATOR_SPACE_GRAY"}, {"fv_id": "markov_20", "ic_abs": 0.0090368286786457, "half_life": 0.1641860375192499, "mean_abs_res": 7.416608921715635, "res_to_spread": 0.8740977024631977, "adf_p": 0.0, "z_ic": 0.484576311344604, "z_hl": 0.9480666722401636, "z_res": 0.8530340865345335, "score": 2.2856770701193008, "product": "TRANSLATOR_SPACE_GRAY"}], "evidence_type": "backtest", "tags": ["mean_reversion", "stat_test", "microstructure"], "confidence": "high", "size": 9152}