{"card_id": "3b2810aacde9", "source_path": "ROUND_5/autoresearch/mr_study/01_fair_value_zoo/per_product/PEBBLES_XL/ranking.csv", "phase_tag": "autoresearch/mr_study/01_fair_value_zoo", "ext": ".csv", "products_mentioned": ["PEBBLES_XL"], "claim_summary": "CSV n=45 cols=11 sort_col=score", "columns": ["fv_id", "ic_abs", "half_life", "mean_abs_res", "res_to_spread", "adf_p", "z_ic", "z_hl", "z_res", "score", "product"], "n_rows": 45, "top_rows": [{"fv_id": "markov_50", "ic_abs": 0.0118675303387248, "half_life": 0.1616605357276569, "mean_abs_res": 24.26936179290785, "res_to_spread": 1.3880417949830774, "adf_p": 0.0, "z_ic": -0.6073083344210922, "z_hl": 1.3559352381810734, "z_res": 0.9025838748001732, "score": 1.6512107785601544, "product": "PEBBLES_XL"}, {"fv_id": "markov_20", "ic_abs": 0.0113656328461636, "half_life": 0.1591765361748397, "mean_abs_res": 24.23783901360374, "res_to_spread": 1.386232807427921, "adf_p": 0.0, "z_ic": -0.6909567255894468, "z_hl": 1.3569082334580769, "z_res": 0.902773019143486, "score": 1.5687245270121162, "product": "PEBBLES_XL"}, {"fv_id": "ar1_dx", "ic_abs": 0.0112751622600661, "half_life": 0.130859916327992, "mean_abs_res": 24.239070735322443, "res_to_spread": 1.3863069745698682, "adf_p": 0.0, "z_ic": -0.7060349419329669, "z_hl": 1.368149748775323, "z_res": 0.9027652643663352, "score": 1.5648800712086912, "product": "PEBBLES_XL"}], "evidence_type": "backtest", "tags": ["microstructure", "mean_reversion", "stat_test", "basket"], "confidence": "high", "size": 8732}