{"card_id": "3c9d40ccba07", "source_path": "ROUND_5/autoresearch/05_cross_product/groups/translator/engle_granger.csv", "phase_tag": "autoresearch/05_cross_product/groups", "ext": ".csv", "products_mentioned": [], "claim_summary": "CSV n=10 cols=10 sort_col=None", "columns": ["a", "b", "slope", "intercept", "adf_p", "ou_hl", "wf1_sharpe", "wf1_pnl", "wf2_sharpe", "wf2_pnl"], "n_rows": 10, "top_rows": [{"a": "TRANSLATOR_ASTRO_BLACK", "b": "TRANSLATOR_ECLIPSE_CHARCOAL", "slope": -0.2710791333194405, "intercept": 12045.519811021364, "adf_p": 0.3319418657829995, "ou_hl": 3051.5854221557306, "wf1_sharpe": -0.1512499562800658, "wf1_pnl": -132.17337848843454, "wf2_sharpe": NaN, "wf2_pnl": 0.0}, {"a": "TRANSLATOR_ASTRO_BLACK", "b": "TRANSLATOR_GRAPHITE_MIST", "slope": -0.1886561659030718, "intercept": 11287.748623838306, "adf_p": 0.3716408209368857, "ou_hl": 3294.3019879926173, "wf1_sharpe": -0.1090227255209122, "wf1_pnl": -93.34995013261324, "wf2_sharpe": NaN, "wf2_pnl": 0.0}, {"a": "TRANSLATOR_ASTRO_BLACK", "b": "TRANSLATOR_SPACE_GRAY", "slope": 0.2023565893054106, "intercept": 7476.611670892055, "adf_p": 0.3481292253828661, "ou_hl": 3202.1387385661255, "wf1_sharpe": -0.5549697325326959, "wf1_pnl": -472.9736435432814, "wf2_sharpe": NaN, "wf2_pnl": 0.0}], "describe": {"slope": {"mean": -0.09935970401195185, "max": 0.2868969891996197, "min": -0.562587823912157}, "intercept": {"mean": 10710.086100873787, "max": 15494.123684584189, "min": 6698.448165614788}, "adf_p": {"mean": 0.2643069683787999, "max": 0.4320227396098373, "min": 0.0407715868092691}, "ou_hl": {"mean": 2531.9655538185916, "max": 3460.7671041320555, "min": 1240.0523336682509}, "wf1_sharpe": {"mean": 0.08829711620038762, "max": 2.1045712918976207, "min": -1.7581888718765604}, "wf1_pnl": {"mean": 114.75456341075278, "max": 992.1003806036688, "min": -761.7158864649537}}, "evidence_type": "backtest", "tags": ["mean_reversion", "stat_test", "backtest", "cointegration"], "confidence": "medium", "size": 1882}