{"card_id": "4572f940a246", "source_path": "ROUND_5/autoresearch/05_cross_product/groups/sleep_pod/price_corr.csv", "phase_tag": "autoresearch/05_cross_product/groups", "ext": ".csv", "products_mentioned": ["SLEEP_POD_COTTON", "SLEEP_POD_LAMB_WOOL", "SLEEP_POD_NYLON", "SLEEP_POD_POLYESTER", "SLEEP_POD_SUEDE"], "claim_summary": "CSV n=5 cols=6 sort_col=None", "columns": ["Unnamed: 0", "SLEEP_POD_COTTON", "SLEEP_POD_LAMB_WOOL", "SLEEP_POD_NYLON", "SLEEP_POD_POLYESTER", "SLEEP_POD_SUEDE"], "n_rows": 5, "top_rows": [{"Unnamed: 0": "SLEEP_POD_COTTON", "SLEEP_POD_COTTON": 1.0, "SLEEP_POD_LAMB_WOOL": 0.0640741698427093, "SLEEP_POD_NYLON": 0.3974435453972764, "SLEEP_POD_POLYESTER": 0.8752369904279045, "SLEEP_POD_SUEDE": 0.7009587499325113}, {"Unnamed: 0": "SLEEP_POD_LAMB_WOOL", "SLEEP_POD_COTTON": 0.0640741698427093, "SLEEP_POD_LAMB_WOOL": 1.0, "SLEEP_POD_NYLON": 0.4931730176167517, "SLEEP_POD_POLYESTER": -0.0384554288504643, "SLEEP_POD_SUEDE": -0.0604532124638312}, {"Unnamed: 0": "SLEEP_POD_NYLON", "SLEEP_POD_COTTON": 0.3974435453972764, "SLEEP_POD_LAMB_WOOL": 0.4931730176167517, "SLEEP_POD_NYLON": 1.0, "SLEEP_POD_POLYESTER": 0.3075716927503879, "SLEEP_POD_SUEDE": 0.1902935805799727}], "describe": {"SLEEP_POD_COTTON": {"mean": 0.6075426911200803, "max": 1.0, "min": 0.0640741698427093}, "SLEEP_POD_LAMB_WOOL": {"mean": 0.29166770922903307, "max": 1.0, "min": -0.0604532124638312}, "SLEEP_POD_NYLON": {"mean": 0.4776963672688777, "max": 1.0, "min": 0.1902935805799727}, "SLEEP_POD_POLYESTER": {"mean": 0.6007939803853027, "max": 1.0, "min": -0.0384554288504643}, "SLEEP_POD_SUEDE": {"mean": 0.5380831531294678, "max": 1.0, "min": -0.0604532124638312}}, "evidence_type": "stat_test", "tags": ["basket"], "confidence": "medium", "size": 591, "raw_excerpt": ""}