{"card_id": "4657032d0ee4", "source_path": "ROUND_5/autoresearch/04_statistical_patterns/intraday/SLEEP_POD_LAMB_WOOL.csv", "phase_tag": "autoresearch/04_statistical_patterns/intraday", "ext": ".csv", "products_mentioned": ["SLEEP_POD_LAMB_WOOL"], "claim_summary": "CSV n=100 cols=4 sort_col=None", "columns": ["bin", "mean_ret", "vol", "mean_mid"], "n_rows": 100, "top_rows": [{"bin": 0, "mean_ret": -0.0836120401337792, "vol": 10.755661799019531, "mean_mid": 10412.276666666668}, {"bin": 1, "mean_ret": 0.1116666666666666, "vol": 9.89746921583916, "mean_mid": 10383.895}, {"bin": 2, "mean_ret": 0.3733333333333333, "vol": 10.64393096763133, "mean_mid": 10424.08}], "describe": {"bin": {"mean": 49.5, "max": 99.0, "min": 0.0}, "mean_ret": {"mean": 0.02693054626532888, "max": 1.4516666666666669, "min": -1.3066666666666666}, "vol": {"mean": 10.700508218103682, "max": 11.85891420636165, "min": 9.769815070439709}, "mean_mid": {"mean": 10701.441716666668, "max": 11048.94, "min": 10312.658333333333}}, "evidence_type": "stat_test", "tags": ["intraday", "basket"], "confidence": "medium", "size": 5289, "raw_excerpt": ""}