{"card_id": "467e1aa02efb", "source_path": "ROUND_5/autoresearch/04_statistical_patterns/intraday/SNACKPACK_VANILLA.csv", "phase_tag": "autoresearch/04_statistical_patterns/intraday", "ext": ".csv", "products_mentioned": ["SNACKPACK_VANILLA"], "claim_summary": "CSV n=100 cols=4 sort_col=None", "columns": ["bin", "mean_ret", "vol", "mean_mid"], "n_rows": 100, "top_rows": [{"bin": 0, "mean_ret": -0.0083612040133779, "vol": 6.38823086731063, "mean_mid": 10030.261666666667}, {"bin": 1, "mean_ret": -0.5733333333333334, "vol": 6.943967490124209, "mean_mid": 9993.34}, {"bin": 2, "mean_ret": -0.1533333333333333, "vol": 6.267703133054609, "mean_mid": 9947.225}], "describe": {"bin": {"mean": 49.5, "max": 99.0, "min": 0.0}, "mean_ret": {"mean": 0.010833054626532895, "max": 1.205, "min": -0.8566666666666667}, "vol": {"mean": 6.507643429680303, "max": 7.186808955679868, "min": 5.791594984438062}, "mean_mid": {"mean": 10097.302466666668, "max": 10315.95, "min": 9898.61}}, "evidence_type": "stat_test", "tags": ["intraday", "basket"], "confidence": "medium", "size": 5194, "raw_excerpt": ""}