{"card_id": "4773a61b04d1", "source_path": "ROUND_5/autoresearch/mr_study/01_fair_value_zoo/per_product/MICROCHIP_CIRCLE/ranking.csv", "phase_tag": "autoresearch/mr_study/01_fair_value_zoo", "ext": ".csv", "products_mentioned": ["MICROCHIP_CIRCLE"], "claim_summary": "CSV n=45 cols=11 sort_col=score", "columns": ["fv_id", "ic_abs", "half_life", "mean_abs_res", "res_to_spread", "adf_p", "z_ic", "z_hl", "z_res", "score", "product"], "n_rows": 45, "top_rows": [{"fv_id": "markov_50", "ic_abs": 0.0069975651390372, "half_life": 0.1097668817002379, "mean_abs_res": 7.3619746349179, "res_to_spread": 0.8670707434077276, "adf_p": 0.0, "z_ic": -0.0473315170378073, "z_hl": 1.0553583237377573, "z_res": 0.834277397107766, "score": 1.842304203807716, "product": "MICROCHIP_CIRCLE"}, {"fv_id": "markov_20", "ic_abs": 0.0070001051497032, "half_life": 0.1157911252902471, "mean_abs_res": 7.356733617410857, "res_to_spread": 0.866455956550361, "adf_p": 0.0, "z_ic": -0.04670527408336, "z_hl": 1.053776877029262, "z_res": 0.8343546825602526, "score": 1.8414262855061545, "product": "MICROCHIP_CIRCLE"}, {"fv_id": "markov_10", "ic_abs": 0.0065841338421666, "half_life": 0.1115495342742367, "mean_abs_res": 7.352962795414594, "res_to_spread": 0.8660047646323559, "adf_p": 0.0, "z_ic": -0.1492635444417452, "z_hl": 1.0548894604024206, "z_res": 0.834411402334144, "score": 1.7400373182948194, "product": "MICROCHIP_CIRCLE"}], "evidence_type": "backtest", "tags": ["mean_reversion", "stat_test", "microstructure"], "confidence": "high", "size": 9027}