{"card_id": "4798cc8cf75b", "source_path": "ROUND_5/autoresearch/04_statistical_patterns/intraday/SNACKPACK_STRAWBERRY.csv", "phase_tag": "autoresearch/04_statistical_patterns/intraday", "ext": ".csv", "products_mentioned": ["SNACKPACK_STRAWBERRY"], "claim_summary": "CSV n=100 cols=4 sort_col=None", "columns": ["bin", "mean_ret", "vol", "mean_mid"], "n_rows": 100, "top_rows": [{"bin": 0, "mean_ret": 0.1856187290969899, "vol": 7.846781103934968, "mean_mid": 10423.548333333334}, {"bin": 1, "mean_ret": 0.2666666666666666, "vol": 7.855970753328071, "mean_mid": 10448.28}, {"bin": 2, "mean_ret": -0.135, "vol": 8.047264746462961, "mean_mid": 10435.503333333334}], "describe": {"bin": {"mean": 49.5, "max": 99.0, "min": 0.0}, "mean_ret": {"mean": 0.0300561872909699, "max": 0.875, "min": -0.995}, "vol": {"mean": 8.129813043008282, "max": 9.100527843120494, "min": 7.308507435616033}, "mean_mid": {"mean": 10706.6085, "max": 10874.926666666666, "min": 10423.548333333334}}, "evidence_type": "stat_test", "tags": ["intraday", "basket"], "confidence": "medium", "size": 5274, "raw_excerpt": ""}