{"card_id": "4b1fc22403d1", "source_path": "ROUND_5/autoresearch/mr_study/01_fair_value_zoo/per_product/SLEEP_POD_SUEDE/ranking.csv", "phase_tag": "autoresearch/mr_study/01_fair_value_zoo", "ext": ".csv", "products_mentioned": ["SLEEP_POD_SUEDE"], "claim_summary": "CSV n=45 cols=11 sort_col=score", "columns": ["fv_id", "ic_abs", "half_life", "mean_abs_res", "res_to_spread", "adf_p", "z_ic", "z_hl", "z_res", "score", "product"], "n_rows": 45, "top_rows": [{"fv_id": "ewma_10", "ic_abs": 0.0078995819333973, "half_life": 9.695902566069677, "mean_abs_res": 26.171773059772107, "res_to_spread": 2.379252096342919, "adf_p": 2.0549461350973308e-28, "z_ic": 0.5643329097130448, "z_hl": 0.7286990466098274, "z_res": 0.7090568774742412, "score": 2.0020888337971137, "product": "SLEEP_POD_SUEDE"}, {"fv_id": "median_50", "ic_abs": 0.008515706869032, "half_life": 23.08805220298639, "mean_abs_res": 39.24669078407841, "res_to_spread": 3.5678809803707647, "adf_p": 1.3220840093492482e-26, "z_ic": 0.8641013017734044, "z_hl": 0.6108309533339487, "z_res": 0.5236303603299084, "score": 1.998562615437261, "product": "SLEEP_POD_SUEDE"}, {"fv_id": "linreg_500", "ic_abs": 0.0097034935548031, "half_life": 81.63710301950618, "mean_abs_res": 73.53242751896093, "res_to_spread": 6.684766138087356, "adf_p": 2.1867899175957455e-08, "z_ic": 1.4420050422501811, "z_hl": 0.4318568708178473, "z_res": 0.0373951973614872, "score": 1.9112571104295155, "product": "SLEEP_POD_SUEDE"}], "evidence_type": "backtest", "tags": ["microstructure", "mean_reversion", "stat_test", "basket"], "confidence": "high", "size": 8801}