{"card_id": "4b867890ae46", "source_path": "ROUND_5/autoresearch/mr_study/01_fair_value_zoo/per_product/SLEEP_POD_COTTON/ranking.csv", "phase_tag": "autoresearch/mr_study/01_fair_value_zoo", "ext": ".csv", "products_mentioned": ["SLEEP_POD_COTTON"], "claim_summary": "CSV n=45 cols=11 sort_col=score", "columns": ["fv_id", "ic_abs", "half_life", "mean_abs_res", "res_to_spread", "adf_p", "z_ic", "z_hl", "z_res", "score", "product"], "n_rows": 45, "top_rows": [{"fv_id": "ewma_10", "ic_abs": 0.0131742535874786, "half_life": 9.606917765767204, "mean_abs_res": 26.330632858609096, "res_to_spread": 2.503109254239412, "adf_p": 1.190172658201978e-28, "z_ic": 2.0930300036902914, "z_hl": 0.7458347856737586, "z_res": 0.6383856857781627, "score": 3.4772504751422124, "product": "SLEEP_POD_COTTON"}, {"fv_id": "kalman_mle", "ic_abs": 0.0102478784342766, "half_life": 0.1222092923857531, "mean_abs_res": 9.607795502365567, "res_to_spread": 0.9149723159767544, "adf_p": 0.0, "z_ic": 0.8399354908104323, "z_hl": 1.0727413792666505, "z_res": 0.8167512718496553, "score": 2.729428141926738, "product": "SLEEP_POD_COTTON"}, {"fv_id": "ar3_dx", "ic_abs": 0.0101397796410425, "half_life": 0.1526682522028253, "mean_abs_res": 9.617833148786064, "res_to_spread": 0.91592185647354, "adf_p": 0.0, "z_ic": 0.7936468239242583, "z_hl": 1.0688438724618008, "z_res": 0.8166446278045939, "score": 2.679135324190653, "product": "SLEEP_POD_COTTON"}], "evidence_type": "backtest", "tags": ["microstructure", "mean_reversion", "stat_test", "basket"], "confidence": "high", "size": 8805}