{"card_id": "4d1baa4acba7", "source_path": "ROUND_5/autoresearch/mr_study/01_fair_value_zoo/per_product/ROBOT_LAUNDRY/ranking.csv", "phase_tag": "autoresearch/mr_study/01_fair_value_zoo", "ext": ".csv", "products_mentioned": ["ROBOT_LAUNDRY"], "claim_summary": "CSV n=45 cols=11 sort_col=score", "columns": ["fv_id", "ic_abs", "half_life", "mean_abs_res", "res_to_spread", "adf_p", "z_ic", "z_hl", "z_res", "score", "product"], "n_rows": 45, "top_rows": [{"fv_id": "linreg_200", "ic_abs": 0.0152925656110358, "half_life": 42.29301059619644, "mean_abs_res": 42.60504266977187, "res_to_spread": 6.086434667110268, "adf_p": 5.605574413595621e-16, "z_ic": 2.9224439653756833, "z_hl": -0.163425656240169, "z_res": 0.3567891035916613, "score": 3.115807412727176, "product": "ROBOT_LAUNDRY"}, {"fv_id": "holt", "ic_abs": 0.0110018811486942, "half_life": 14.697085622955626, "mean_abs_res": 25.43620472916909, "res_to_spread": 3.6337435327384418, "adf_p": 4.519788498978289e-28, "z_ic": 1.1788108635756491, "z_hl": 0.2588284471777627, "z_res": 0.6474039634393528, "score": 2.0850432741927647, "product": "ROBOT_LAUNDRY"}, {"fv_id": "lattice_5", "ic_abs": 0.0066372520476844, "half_life": 0.1497062616399435, "mean_abs_res": 7.730464471447145, "res_to_spread": 1.104352067349592, "adf_p": 0.0, "z_ic": -0.594871597671332, "z_hl": 1.346794343731193, "z_res": 0.947106904389638, "score": 1.699029650449499, "product": "ROBOT_LAUNDRY"}], "evidence_type": "backtest", "tags": ["mean_reversion", "stat_test", "microstructure"], "confidence": "high", "size": 8850}