{"card_id": "4d9fc8c1ce02", "source_path": "ROUND_5/autoresearch/04_statistical_patterns/intraday/UV_VISOR_YELLOW.csv", "phase_tag": "autoresearch/04_statistical_patterns/intraday", "ext": ".csv", "products_mentioned": ["UV_VISOR_YELLOW"], "claim_summary": "CSV n=100 cols=4 sort_col=None", "columns": ["bin", "mean_ret", "vol", "mean_mid"], "n_rows": 100, "top_rows": [{"bin": 0, "mean_ret": 0.6120401337792643, "vol": 10.56110323444408, "mean_mid": 11193.131666666666}, {"bin": 1, "mean_ret": 0.0683333333333333, "vol": 11.216454880629, "mean_mid": 11285.141666666666}, {"bin": 2, "mean_ret": -0.3483333333333333, "vol": 11.225098664256654, "mean_mid": 11268.508333333331}], "describe": {"bin": {"mean": 49.5, "max": 99.0, "min": 0.0}, "mean_ret": {"mean": 0.002387068004459302, "max": 1.415, "min": -1.4266666666666667}, "vol": {"mean": 10.999961087912894, "max": 12.052488675688185, "min": 10.026235929396869}, "mean_mid": {"mean": 10957.460750000002, "max": 11285.141666666666, "min": 10617.828333333331}}, "evidence_type": "stat_test", "tags": ["intraday"], "confidence": "medium", "size": 5234, "raw_excerpt": ""}