{"card_id": "4f605cafe558", "source_path": "ROUND_5/autoresearch/mr_study/01_fair_value_zoo/per_product/GALAXY_SOUNDS_DARK_MATTER/ranking.csv", "phase_tag": "autoresearch/mr_study/01_fair_value_zoo", "ext": ".csv", "products_mentioned": ["GALAXY_SOUNDS_DARK_MATTER"], "claim_summary": "CSV n=45 cols=11 sort_col=score", "columns": ["fv_id", "ic_abs", "half_life", "mean_abs_res", "res_to_spread", "adf_p", "z_ic", "z_hl", "z_res", "score", "product"], "n_rows": 45, "top_rows": [{"fv_id": "ar2_dx", "ic_abs": 0.0190756827281594, "half_life": 0.1341590345230095, "mean_abs_res": 8.259172246856005, "res_to_spread": 0.6353209420658466, "adf_p": 0.0, "z_ic": 1.2255168149398987, "z_hl": 1.113090296299318, "z_res": 0.975023601680666, "score": 3.3136307129198825, "product": "GALAXY_SOUNDS_DARK_MATTER"}, {"fv_id": "ar1_dx", "ic_abs": 0.0190754660070466, "half_life": 0.1380996272539376, "mean_abs_res": 8.25690369855402, "res_to_spread": 0.6351464383503092, "adf_p": 0.0, "z_ic": 1.2254799396340552, "z_hl": 1.1125966648832784, "z_res": 0.97505975393288, "score": 3.3131363584502136, "product": "GALAXY_SOUNDS_DARK_MATTER"}, {"fv_id": "ar5_dx", "ic_abs": 0.0190315870545606, "half_life": 0.1330033207291021, "mean_abs_res": 8.260314373832092, "res_to_spread": 0.635408797987084, "adf_p": 0.0, "z_ic": 1.21801389365551, "z_hl": 1.113235395922486, "z_res": 0.975005400409631, "score": 3.306254689987627, "product": "GALAXY_SOUNDS_DARK_MATTER"}], "evidence_type": "backtest", "tags": ["mean_reversion", "stat_test", "microstructure"], "confidence": "high", "size": 9184}