{"card_id": "5053a11e6b96", "source_path": "ROUND_5/autoresearch/04_statistical_patterns/intraday/PEBBLES_M.csv", "phase_tag": "autoresearch/04_statistical_patterns/intraday", "ext": ".csv", "products_mentioned": ["PEBBLES_M"], "claim_summary": "CSV n=100 cols=4 sort_col=None", "columns": ["bin", "mean_ret", "vol", "mean_mid"], "n_rows": 100, "top_rows": [{"bin": 0, "mean_ret": 1.3076923076923077, "vol": 15.053282581176983, "mean_mid": 10097.315}, {"bin": 1, "mean_ret": -1.6983333333333333, "vol": 14.713819541752107, "mean_mid": 10100.49}, {"bin": 2, "mean_ret": 0.195, "vol": 14.474443225525576, "mean_mid": 9995.748333333331}], "describe": {"bin": {"mean": 49.5, "max": 99.0, "min": 0.0}, "mean_ret": {"mean": 0.023443589743589715, "max": 1.8716666666666664, "min": -2.1083333333333334}, "vol": {"mean": 15.124052098763675, "max": 16.38236877527066, "min": 13.464872751581298}, "mean_mid": {"mean": 10263.243183333332, "max": 10710.921666666669, "min": 9652.248333333331}}, "evidence_type": "stat_test", "tags": ["intraday", "basket"], "confidence": "medium", "size": 5344, "raw_excerpt": ""}