{"card_id": "531970ed2fe7", "source_path": "ROUND_5/autoresearch/mr_study/01_fair_value_zoo/per_product/PANEL_1X4/ranking.csv", "phase_tag": "autoresearch/mr_study/01_fair_value_zoo", "ext": ".csv", "products_mentioned": ["PANEL_1X4"], "claim_summary": "CSV n=45 cols=11 sort_col=score", "columns": ["fv_id", "ic_abs", "half_life", "mean_abs_res", "res_to_spread", "adf_p", "z_ic", "z_hl", "z_res", "score", "product"], "n_rows": 45, "top_rows": [{"fv_id": "lattice_2", "ic_abs": 0.0091627793465121, "half_life": 0.1403764887706555, "mean_abs_res": 7.253614873987399, "res_to_spread": 0.8531619286928693, "adf_p": 0.0, "z_ic": 0.1917459777888551, "z_hl": 1.31885445300909, "z_res": 0.8222675236920276, "score": 2.3328679544899726, "product": "PANEL_1X4"}, {"fv_id": "markov_20", "ic_abs": 0.008945346412221, "half_life": 0.1459334644292975, "mean_abs_res": 7.249520693089394, "res_to_spread": 0.8526361127552962, "adf_p": 0.0, "z_ic": 0.1086107555377903, "z_hl": 1.3169588925367992, "z_res": 0.8223211384782303, "score": 2.2478907865528197, "product": "PANEL_1X4"}, {"fv_id": "ofi_lag1", "ic_abs": 0.0088987660086877, "half_life": 0.1451977116297814, "mean_abs_res": 7.231131395253, "res_to_spread": 0.8505243092613654, "adf_p": 0.0, "z_ic": 0.0908007939838184, "z_hl": 1.317209339277676, "z_res": 0.8225364683774177, "score": 2.2305466016389124, "product": "PANEL_1X4"}], "evidence_type": "backtest", "tags": ["mean_reversion", "stat_test", "microstructure"], "confidence": "high", "size": 8668}