{"card_id": "55193b8e3e9c", "source_path": "ROUND_5/autoresearch/mr_study/01_fair_value_zoo/per_product/SNACKPACK_PISTACHIO/ranking.csv", "phase_tag": "autoresearch/mr_study/01_fair_value_zoo", "ext": ".csv", "products_mentioned": ["SNACKPACK_PISTACHIO"], "claim_summary": "CSV n=45 cols=11 sort_col=score", "columns": ["fv_id", "ic_abs", "half_life", "mean_abs_res", "res_to_spread", "adf_p", "z_ic", "z_hl", "z_res", "score", "product"], "n_rows": 45, "top_rows": [{"fv_id": "ar1_dx", "ic_abs": 0.0184987996928137, "half_life": 0.1594973330135399, "mean_abs_res": 4.1631952670331325, "res_to_spread": 0.2601997041895708, "adf_p": 0.0, "z_ic": 0.5879477503482069, "z_hl": 1.0239891348529366, "z_res": 0.9898534274511478, "score": 2.601790312652291, "product": "SNACKPACK_PISTACHIO"}, {"fv_id": "ar2_dx", "ic_abs": 0.0183931210298223, "half_life": 0.1596571332525265, "mean_abs_res": 4.164462361982867, "res_to_spread": 0.2602788976239292, "adf_p": 0.0, "z_ic": 0.5520689279223887, "z_hl": 1.023969253779336, "z_res": 0.9898018931026834, "score": 2.565840074804408, "product": "SNACKPACK_PISTACHIO"}, {"fv_id": "ar3_dx", "ic_abs": 0.018362328577651, "half_life": 0.1620779489984944, "mean_abs_res": 4.165765168132114, "res_to_spread": 0.2603603230082571, "adf_p": 0.0, "z_ic": 0.5416146234087565, "z_hl": 1.023668409808251, "z_res": 0.9897489063347298, "score": 2.555031939551738, "product": "SNACKPACK_PISTACHIO"}], "evidence_type": "backtest", "tags": ["microstructure", "mean_reversion", "stat_test", "basket"], "confidence": "high", "size": 8977}