{"card_id": "5620c79cbdf4", "source_path": "ROUND_5/autoresearch/04_statistical_patterns/intraday/OXYGEN_SHAKE_CHOCOLATE.csv", "phase_tag": "autoresearch/04_statistical_patterns/intraday", "ext": ".csv", "products_mentioned": ["OXYGEN_SHAKE_CHOCOLATE"], "claim_summary": "CSV n=100 cols=4 sort_col=None", "columns": ["bin", "mean_ret", "vol", "mean_mid"], "n_rows": 100, "top_rows": [{"bin": 0, "mean_ret": -0.5083612040133779, "vol": 11.775476321888169, "mean_mid": 9597.565}, {"bin": 1, "mean_ret": -0.2716666666666666, "vol": 12.012550455685515, "mean_mid": 9561.873333333331}, {"bin": 2, "mean_ret": -0.74, "vol": 9.956967611345233, "mean_mid": 9486.906666666666}], "describe": {"bin": {"mean": 49.5, "max": 99.0, "min": 0.0}, "mean_ret": {"mean": 0.023783054626532886, "max": 1.4266666666666667, "min": -1.0233333333333334}, "vol": {"mean": 10.55505677046322, "max": 27.08923299090757, "min": 8.170892645364615}, "mean_mid": {"mean": 9556.87913333333, "max": 10019.913333333334, "min": 9142.948333333334}}, "evidence_type": "stat_test", "tags": ["intraday"], "confidence": "medium", "size": 5124, "raw_excerpt": ""}