{"card_id": "562fbad315b6", "source_path": "ROUND_5/autoresearch/05_cross_product/groups/microchip/ret_corr.csv", "phase_tag": "autoresearch/05_cross_product/groups", "ext": ".csv", "products_mentioned": ["MICROCHIP_CIRCLE", "MICROCHIP_OVAL", "MICROCHIP_RECTANGLE", "MICROCHIP_SQUARE", "MICROCHIP_TRIANGLE"], "claim_summary": "CSV n=5 cols=6 sort_col=None", "columns": ["Unnamed: 0", "MICROCHIP_CIRCLE", "MICROCHIP_OVAL", "MICROCHIP_RECTANGLE", "MICROCHIP_SQUARE", "MICROCHIP_TRIANGLE"], "n_rows": 5, "top_rows": [{"Unnamed: 0": "MICROCHIP_CIRCLE", "MICROCHIP_CIRCLE": 1.0, "MICROCHIP_OVAL": 0.0126108352832558, "MICROCHIP_RECTANGLE": 0.0094897816026194, "MICROCHIP_SQUARE": 0.007532962943435, "MICROCHIP_TRIANGLE": 0.0031218483046921}, {"Unnamed: 0": "MICROCHIP_OVAL", "MICROCHIP_CIRCLE": 0.0126108352832558, "MICROCHIP_OVAL": 1.0, "MICROCHIP_RECTANGLE": 0.0034172054208896, "MICROCHIP_SQUARE": 0.005091578601633, "MICROCHIP_TRIANGLE": 0.0019009375681978}, {"Unnamed: 0": "MICROCHIP_RECTANGLE", "MICROCHIP_CIRCLE": 0.0094897816026194, "MICROCHIP_OVAL": 0.0034172054208896, "MICROCHIP_RECTANGLE": 1.0, "MICROCHIP_SQUARE": 0.006099275941479, "MICROCHIP_TRIANGLE": 0.0060570600416787}], "describe": {"MICROCHIP_CIRCLE": {"mean": 0.20655108562680052, "max": 1.0, "min": 0.0031218483046921}, "MICROCHIP_OVAL": {"mean": 0.20460411137479526, "max": 1.0, "min": 0.0019009375681978}, "MICROCHIP_RECTANGLE": {"mean": 0.20501266460133336, "max": 1.0, "min": 0.0034172054208896}, "MICROCHIP_SQUARE": {"mean": 0.2052554827674416, "max": 1.0, "min": 0.005091578601633}, "MICROCHIP_TRIANGLE": {"mean": 0.20372668845304592, "max": 1.0, "min": 0.0019009375681978}}, "evidence_type": "stat_test", "tags": ["cointegration"], "confidence": "medium", "size": 621, "raw_excerpt": ""}