{"card_id": "569bf2689da3", "source_path": "ROUND_5/autoresearch/04_statistical_patterns/intraday/MICROCHIP_RECTANGLE.csv", "phase_tag": "autoresearch/04_statistical_patterns/intraday", "ext": ".csv", "products_mentioned": ["MICROCHIP_RECTANGLE"], "claim_summary": "CSV n=100 cols=4 sort_col=None", "columns": ["bin", "mean_ret", "vol", "mean_mid"], "n_rows": 100, "top_rows": [{"bin": 0, "mean_ret": -0.617056856187291, "vol": 11.829734889271515, "mean_mid": 9032.996666666666}, {"bin": 1, "mean_ret": 0.715, "vol": 11.328093130793595, "mean_mid": 9060.361666666666}, {"bin": 2, "mean_ret": -0.165, "vol": 13.87998998823769, "mean_mid": 9089.2}], "describe": {"bin": {"mean": 49.5, "max": 99.0, "min": 0.0}, "mean_ret": {"mean": -0.04095390189520622, "max": 1.8766666666666667, "min": -1.9883333333333333}, "vol": {"mean": 13.10922664401432, "max": 15.354385238177514, "min": 11.323318744085414}, "mean_mid": {"mean": 8732.43935, "max": 9227.755, "min": 8187.003333333333}}, "evidence_type": "stat_test", "tags": ["intraday", "cointegration"], "confidence": "medium", "size": 5214, "raw_excerpt": ""}