{"card_id": "598abcb3516c", "source_path": "ROUND_5/autoresearch/mr_study/01_fair_value_zoo/per_product/GALAXY_SOUNDS_PLANETARY_RINGS/ranking.csv", "phase_tag": "autoresearch/mr_study/01_fair_value_zoo", "ext": ".csv", "products_mentioned": ["GALAXY_SOUNDS_PLANETARY_RINGS"], "claim_summary": "CSV n=45 cols=11 sort_col=score", "columns": ["fv_id", "ic_abs", "half_life", "mean_abs_res", "res_to_spread", "adf_p", "z_ic", "z_hl", "z_res", "score", "product"], "n_rows": 45, "top_rows": [{"fv_id": "quad_500", "ic_abs": 0.019025985306784, "half_life": 61.00290538430139, "mean_abs_res": 58.85615874096173, "res_to_spread": 4.076198020320611, "adf_p": 6.776939113748229e-14, "z_ic": 1.7995054609298229, "z_hl": 0.4936947461897911, "z_res": 0.2605787864860663, "score": 2.55377899360568, "product": "GALAXY_SOUNDS_PLANETARY_RINGS"}, {"fv_id": "mean_100", "ic_abs": 0.0159705567019914, "half_life": 47.19687389540222, "mean_abs_res": 52.97187307300731, "res_to_spread": 3.6627950147386175, "adf_p": 1.189400676944348e-14, "z_ic": 1.2252556576169429, "z_hl": 0.5304036885262747, "z_res": 0.324829732523815, "score": 2.0804890786670325, "product": "GALAXY_SOUNDS_PLANETARY_RINGS"}, {"fv_id": "median_100", "ic_abs": 0.0154226878480447, "half_life": 51.09447192358931, "mean_abs_res": 54.112658652115215, "res_to_spread": 3.741255915627277, "adf_p": 3.1979416579498854e-18, "z_ic": 1.122286934627738, "z_hl": 0.5190705984226113, "z_res": 0.3126353676038664, "score": 1.953992900654216, "product": "GALAXY_SOUNDS_PLANETARY_RINGS"}], "evidence_type": "backtest", "tags": ["mean_reversion", "stat_test", "microstructure"], "confidence": "high", "size": 9380}