{"card_id": "5e804a66918c", "source_path": "ROUND_5/autoresearch/mr_study/01_fair_value_zoo/per_product/ROBOT_VACUUMING/ranking.csv", "phase_tag": "autoresearch/mr_study/01_fair_value_zoo", "ext": ".csv", "products_mentioned": ["ROBOT_VACUUMING"], "claim_summary": "CSV n=45 cols=11 sort_col=score", "columns": ["fv_id", "ic_abs", "half_life", "mean_abs_res", "res_to_spread", "adf_p", "z_ic", "z_hl", "z_res", "score", "product"], "n_rows": 45, "top_rows": [{"fv_id": "kalman_mle", "ic_abs": 0.0078474525038494, "half_life": 0.1353761886330622, "mean_abs_res": 7.1350136571275975, "res_to_spread": 1.0192876653039429, "adf_p": 0.0, "z_ic": -0.266467324759953, "z_hl": 1.0468827037502697, "z_res": 0.9904502773487552, "score": 1.770865656339072, "product": "ROBOT_VACUUMING"}, {"fv_id": "ar1_dx", "ic_abs": 0.0078289891779758, "half_life": 0.1325441228837487, "mean_abs_res": 7.135414757450349, "res_to_spread": 1.0193449653500497, "adf_p": 0.0, "z_ic": -0.2707679603449479, "z_hl": 1.047244962065472, "z_res": 0.9904421171755334, "score": 1.7669191188960576, "product": "ROBOT_VACUUMING"}, {"fv_id": "ar2_dx", "ic_abs": 0.0078160036968077, "half_life": 0.1310616482077526, "mean_abs_res": 7.137714885655708, "res_to_spread": 1.0196735550936724, "adf_p": 0.0, "z_ic": -0.2737926495467845, "z_hl": 1.047434951368272, "z_res": 0.9903953222877616, "score": 1.7640376241092492, "product": "ROBOT_VACUUMING"}], "evidence_type": "backtest", "tags": ["mean_reversion", "stat_test", "microstructure"], "confidence": "high", "size": 8761}