{"card_id": "5f78cb7e5169", "source_path": "ROUND_5/autoresearch/04_statistical_patterns/intraday/TRANSLATOR_VOID_BLUE.csv", "phase_tag": "autoresearch/04_statistical_patterns/intraday", "ext": ".csv", "products_mentioned": ["TRANSLATOR_VOID_BLUE"], "claim_summary": "CSV n=100 cols=4 sort_col=None", "columns": ["bin", "mean_ret", "vol", "mean_mid"], "n_rows": 100, "top_rows": [{"bin": 0, "mean_ret": 0.040133779264214, "vol": 11.314897585245452, "mean_mid": 10590.711666666666}, {"bin": 1, "mean_ret": 0.27, "vol": 9.984625304683016, "mean_mid": 10642.855}, {"bin": 2, "mean_ret": 0.8066666666666666, "vol": 10.484944879172538, "mean_mid": 10648.293333333331}], "describe": {"bin": {"mean": 49.5, "max": 99.0, "min": 0.0}, "mean_ret": {"mean": 0.05213467112597549, "max": 1.66, "min": -1.3966666666666667}, "vol": {"mean": 10.822971833956792, "max": 12.23507338042168, "min": 9.7367604418459}, "mean_mid": {"mean": 10858.579333333333, "max": 11189.816666666668, "min": 10491.033333333333}}, "evidence_type": "stat_test", "tags": ["intraday"], "confidence": "medium", "size": 5446, "raw_excerpt": ""}