{"card_id": "5fd7ba3654ba", "source_path": "ROUND_5/autoresearch/05_cross_product/groups/sleep_pod/engle_granger.csv", "phase_tag": "autoresearch/05_cross_product/groups", "ext": ".csv", "products_mentioned": [], "claim_summary": "CSV n=10 cols=10 sort_col=None", "columns": ["a", "b", "slope", "intercept", "adf_p", "ou_hl", "wf1_sharpe", "wf1_pnl", "wf2_sharpe", "wf2_pnl"], "n_rows": 10, "top_rows": [{"a": "SLEEP_POD_COTTON", "b": "SLEEP_POD_LAMB_WOOL", "slope": 0.1376632281286602, "intercept": 10054.418954319628, "adf_p": 0.4242693650974685, "ou_hl": 5271.858691369673, "wf1_sharpe": -0.6931477609404576, "wf1_pnl": -499.540069180468, "wf2_sharpe": 0.7076032434417858, "wf2_pnl": 856.1560133444455}, {"a": "SLEEP_POD_COTTON", "b": "SLEEP_POD_NYLON", "slope": 0.6935089845605991, "intercept": 4844.633662211595, "adf_p": 0.2607011157342301, "ou_hl": 3539.1211513715675, "wf1_sharpe": -0.1579571044928666, "wf1_pnl": -121.27381883311772, "wf2_sharpe": 0.82842057417216, "wf2_pnl": 976.2122653741308}, {"a": "SLEEP_POD_COTTON", "b": "SLEEP_POD_POLYESTER", "slope": 0.7947930737083911, "intercept": 2116.8181347846235, "adf_p": 0.032933512608384, "ou_hl": 1131.6345933873356, "wf1_sharpe": 1.3210240070976036, "wf1_pnl": 1423.8139506401822, "wf2_sharpe": 1.8940799691772907, "wf2_pnl": 1870.5006139458144}], "evidence_type": "backtest", "tags": ["cointegration", "mean_reversion", "stat_test", "basket", "backtest"], "confidence": "medium", "size": 1809}