{"card_id": "61570914a270", "source_path": "ROUND_5/autoresearch/mr_study/01_fair_value_zoo/per_product/SNACKPACK_VANILLA/ranking.csv", "phase_tag": "autoresearch/mr_study/01_fair_value_zoo", "ext": ".csv", "products_mentioned": ["SNACKPACK_VANILLA"], "claim_summary": "CSV n=45 cols=11 sort_col=score", "columns": ["fv_id", "ic_abs", "half_life", "mean_abs_res", "res_to_spread", "adf_p", "z_ic", "z_hl", "z_res", "score", "product"], "n_rows": 45, "top_rows": [{"fv_id": "ewma_10", "ic_abs": 0.0123207299553658, "half_life": 9.43514805755959, "mean_abs_res": 14.08917353765003, "res_to_spread": 0.8287749139794136, "adf_p": 7.672613650254475e-30, "z_ic": -0.2935325899224683, "z_hl": 0.9819592675613318, "z_res": 0.7399516613512572, "score": 1.4283783389901208, "product": "SNACKPACK_VANILLA"}, {"fv_id": "holt", "ic_abs": 0.0127941284468741, "half_life": 12.679126303717975, "mean_abs_res": 16.226422376099315, "res_to_spread": 0.9544954338881948, "adf_p": 3.3217944123286e-28, "z_ic": -0.2359203030630661, "z_hl": 0.9457647703182764, "z_res": 0.6791559740669137, "score": 1.389000441322124, "product": "SNACKPACK_VANILLA"}, {"fv_id": "mean_50", "ic_abs": 0.01390623984167, "half_life": 21.840234986618757, "mean_abs_res": 21.08713417746775, "res_to_spread": 1.2404196574981028, "adf_p": 3.9061677542320915e-24, "z_ic": -0.1005770735304621, "z_hl": 0.8772173024184086, "z_res": 0.5408892877835673, "score": 1.3175295166715135, "product": "SNACKPACK_VANILLA"}], "evidence_type": "backtest", "tags": ["microstructure", "mean_reversion", "stat_test", "basket"], "confidence": "high", "size": 8766}