{"card_id": "630055c1d446", "source_path": "ROUND_5/autoresearch/04_statistical_patterns/intraday/UV_VISOR_ORANGE.csv", "phase_tag": "autoresearch/04_statistical_patterns/intraday", "ext": ".csv", "products_mentioned": ["UV_VISOR_ORANGE"], "claim_summary": "CSV n=100 cols=4 sort_col=None", "columns": ["bin", "mean_ret", "vol", "mean_mid"], "n_rows": 100, "top_rows": [{"bin": 0, "mean_ret": -0.0953177257525083, "vol": 8.924277543901846, "mean_mid": 10155.233333333334}, {"bin": 1, "mean_ret": 0.54, "vol": 9.789083401736544, "mean_mid": 10182.936666666666}, {"bin": 2, "mean_ret": 0.0783333333333333, "vol": 10.036456817042392, "mean_mid": 10158.12}], "describe": {"bin": {"mean": 49.5, "max": 99.0, "min": 0.0}, "mean_ret": {"mean": -0.02198651059085841, "max": 1.9183333333333332, "min": -1.2733333333333334}, "vol": {"mean": 10.45147991715372, "max": 11.541630696328603, "min": 8.924277543901846}, "mean_mid": {"mean": 10426.506216666667, "max": 10758.21, "min": 9946.07}}, "evidence_type": "stat_test", "tags": ["intraday"], "confidence": "medium", "size": 5318, "raw_excerpt": ""}