{"card_id": "632470655b39", "source_path": "ROUND_5/autoresearch/04_statistical_patterns/intraday/SLEEP_POD_SUEDE.csv", "phase_tag": "autoresearch/04_statistical_patterns/intraday", "ext": ".csv", "products_mentioned": ["SLEEP_POD_SUEDE"], "claim_summary": "CSV n=100 cols=4 sort_col=None", "columns": ["bin", "mean_ret", "vol", "mean_mid"], "n_rows": 100, "top_rows": [{"bin": 0, "mean_ret": -0.2876254180602006, "vol": 11.700723349125663, "mean_mid": 11060.001666666669}, {"bin": 1, "mean_ret": 0.1833333333333333, "vol": 11.04890567481347, "mean_mid": 11021.366666666669}, {"bin": 2, "mean_ret": 1.1416666666666666, "vol": 11.430790602646905, "mean_mid": 11109.286666666669}], "describe": {"bin": {"mean": 49.5, "max": 99.0, "min": 0.0}, "mean_ret": {"mean": 0.06000707915273133, "max": 1.81, "min": -1.32}, "vol": {"mean": 11.411225782296308, "max": 12.620735866088028, "min": 10.16382199725936}, "mean_mid": {"mean": 11397.420433333335, "max": 11905.195, "min": 11017.645}}, "evidence_type": "stat_test", "tags": ["intraday", "basket"], "confidence": "medium", "size": 5379, "raw_excerpt": ""}