{"card_id": "63fa89c091e5", "source_path": "ROUND_5/autoresearch/05_cross_product/groups/uv_visor/basket_residual.csv", "phase_tag": "autoresearch/05_cross_product/groups", "ext": ".csv", "products_mentioned": ["UV_VISOR_AMBER", "UV_VISOR_MAGENTA", "UV_VISOR_ORANGE", "UV_VISOR_RED", "UV_VISOR_YELLOW"], "claim_summary": "CSV n=5 cols=10 sort_col=None", "columns": ["target", "r2", "resid_std", "resid_hl", "coef_UV_VISOR_MAGENTA", "coef_UV_VISOR_ORANGE", "coef_UV_VISOR_RED", "coef_UV_VISOR_YELLOW", "intercept", "coef_UV_VISOR_AMBER"], "n_rows": 5, "top_rows": [{"target": "UV_VISOR_AMBER", "r2": 0.8963536556978277, "resid_std": 320.9438163118692, "resid_hl": 587.9088622522319, "coef_UV_VISOR_MAGENTA": -0.9697631823187592, "coef_UV_VISOR_ORANGE": -0.3846906515401, "coef_UV_VISOR_RED": -0.6172586641501495, "coef_UV_VISOR_YELLOW": -0.1666341749132946, "intercept": 31353.28461331772, "coef_UV_VISOR_AMBER": NaN}, {"target": "UV_VISOR_MAGENTA", "r2": 0.8147361484417052, "resid_std": 264.0833293041973, "resid_hl": 585.987651180758, "coef_UV_VISOR_MAGENTA": NaN, "coef_UV_VISOR_ORANGE": -0.0653029904306005, "coef_UV_VISOR_RED": -0.2874209095667255, "coef_UV_VISOR_YELLOW": 0.0312302754696648, "intercept": 19824.977653006452, "coef_UV_VISOR_AMBER": -0.6565830090431017}, {"target": "UV_VISOR_ORANGE", "r2": 0.527672185507158, "resid_std": 378.4020227398624, "resid_hl": 2896.5555214285323, "coef_UV_VISOR_MAGENTA": -0.134078145661101, "coef_UV_VISOR_ORANGE": NaN, "coef_UV_VISOR_RED": -0.1713385821767609, "coef_UV_VISOR_YELLOW": -0.1382584003719476, "intercept": 19557.759026743563, "coef_UV_VISOR_AMBER": -0.5347619596578568}], "evidence_type": "stat_test", "tags": ["basket", "ar1"], "confidence": "medium", "size": 995}