{"card_id": "653179756b75", "source_path": "ROUND_5/autoresearch/04_statistical_patterns/intraday/MICROCHIP_OVAL.csv", "phase_tag": "autoresearch/04_statistical_patterns/intraday", "ext": ".csv", "products_mentioned": ["MICROCHIP_OVAL"], "claim_summary": "CSV n=100 cols=4 sort_col=None", "columns": ["bin", "mean_ret", "vol", "mean_mid"], "n_rows": 100, "top_rows": [{"bin": 0, "mean_ret": -0.1421404682274247, "vol": 11.146328289136104, "mean_mid": 8898.513333333334}, {"bin": 1, "mean_ret": -0.5933333333333334, "vol": 13.425987711984677, "mean_mid": 8840.121666666666}, {"bin": 2, "mean_ret": -0.3533333333333333, "vol": 13.203772981945406, "mean_mid": 8794.851666666667}], "describe": {"bin": {"mean": 49.5, "max": 99.0, "min": 0.0}, "mean_ret": {"mean": -0.14937140468227425, "max": 1.935, "min": -2.0183333333333335}, "vol": {"mean": 12.455833061993435, "max": 14.271273994531072, "min": 11.071059120777075}, "mean_mid": {"mean": 8179.5987166666655, "max": 8898.513333333334, "min": 7423.133333333333}}, "evidence_type": "stat_test", "tags": ["intraday"], "confidence": "medium", "size": 5199, "raw_excerpt": ""}