{"card_id": "6543211ceecc", "source_path": "ROUND_5/autoresearch/04_statistical_patterns/intraday/PANEL_1X4.csv", "phase_tag": "autoresearch/04_statistical_patterns/intraday", "ext": ".csv", "products_mentioned": ["PANEL_1X4"], "claim_summary": "CSV n=100 cols=4 sort_col=None", "columns": ["bin", "mean_ret", "vol", "mean_mid"], "n_rows": 100, "top_rows": [{"bin": 0, "mean_ret": -0.1354515050167224, "vol": 10.110092673790897, "mean_mid": 9904.928333333331}, {"bin": 1, "mean_ret": 0.695, "vol": 10.546416357858767, "mean_mid": 9963.166666666666}, {"bin": 2, "mean_ret": -1.2983333333333331, "vol": 8.983085027479445, "mean_mid": 9927.655}], "describe": {"bin": {"mean": 49.5, "max": 99.0, "min": 0.0}, "mean_ret": {"mean": -0.025754515050167216, "max": 1.5683333333333334, "min": -1.54}, "vol": {"mean": 9.467000742026428, "max": 10.773075360885889, "min": 8.492419729682812}, "mean_mid": {"mean": 9397.580616666666, "max": 9963.166666666666, "min": 8946.803333333333}}, "evidence_type": "stat_test", "tags": ["intraday"], "confidence": "medium", "size": 5059, "raw_excerpt": ""}