{"card_id": "673ab4808cab", "source_path": "ROUND_5/autoresearch/mr_study/01_fair_value_zoo/per_product/OXYGEN_SHAKE_GARLIC/ranking.csv", "phase_tag": "autoresearch/mr_study/01_fair_value_zoo", "ext": ".csv", "products_mentioned": ["OXYGEN_SHAKE_GARLIC"], "claim_summary": "CSV n=45 cols=11 sort_col=score", "columns": ["fv_id", "ic_abs", "half_life", "mean_abs_res", "res_to_spread", "adf_p", "z_ic", "z_hl", "z_res", "score", "product"], "n_rows": 45, "top_rows": [{"fv_id": "ar2_dx", "ic_abs": 0.0109396983131116, "half_life": 0.1238998476700805, "mean_abs_res": 9.922728753134958, "res_to_spread": 0.6210125743709495, "adf_p": 0.0, "z_ic": 0.7721729448937169, "z_hl": 0.9937659471300822, "z_res": 0.9132611083189796, "score": 2.679200000342779, "product": "OXYGEN_SHAKE_GARLIC"}, {"fv_id": "ar5_dx", "ic_abs": 0.0108713781399302, "half_life": 0.1265915669642377, "mean_abs_res": 9.922747520826496, "res_to_spread": 0.6210110219290006, "adf_p": 0.0, "z_ic": 0.752657820374655, "z_hl": 0.9933921756993684, "z_res": 0.9132614307000928, "score": 2.659311426774116, "product": "OXYGEN_SHAKE_GARLIC"}, {"fv_id": "ar3_dx", "ic_abs": 0.0108511122916013, "half_life": 0.1242842785597292, "mean_abs_res": 9.92163075660697, "res_to_spread": 0.6209396230798419, "adf_p": 0.0, "z_ic": 0.7468690388887809, "z_hl": 0.9937125103978032, "z_res": 0.9132762574319409, "score": 2.6538578067185252, "product": "OXYGEN_SHAKE_GARLIC"}], "evidence_type": "backtest", "tags": ["mean_reversion", "stat_test", "microstructure"], "confidence": "high", "size": 8998}