{"card_id": "69fc00255318", "source_path": "ROUND_5/autoresearch/05_cross_product/groups/robot/basket_residual.csv", "phase_tag": "autoresearch/05_cross_product/groups", "ext": ".csv", "products_mentioned": ["ROBOT_DISHES", "ROBOT_IRONING", "ROBOT_LAUNDRY", "ROBOT_MOPPING", "ROBOT_VACUUMING"], "claim_summary": "CSV n=5 cols=10 sort_col=None", "columns": ["target", "r2", "resid_std", "resid_hl", "coef_ROBOT_IRONING", "coef_ROBOT_LAUNDRY", "coef_ROBOT_MOPPING", "coef_ROBOT_VACUUMING", "intercept", "coef_ROBOT_DISHES"], "n_rows": 5, "top_rows": [{"target": "ROBOT_DISHES", "r2": 0.6734592978035743, "resid_std": 318.07910397215227, "resid_hl": 363.0895449908745, "coef_ROBOT_IRONING": -0.3270074085233134, "coef_ROBOT_LAUNDRY": -0.4464942039957153, "coef_ROBOT_MOPPING": -0.450052398239278, "coef_ROBOT_VACUUMING": -0.4479851601557635, "intercept": 26351.85611330489, "coef_ROBOT_DISHES": NaN}, {"target": "ROBOT_IRONING", "r2": 0.7708570250461865, "resid_std": 369.07715018346545, "resid_hl": 839.2633297076835, "coef_ROBOT_IRONING": NaN, "coef_ROBOT_LAUNDRY": 0.015651900384424, "coef_ROBOT_MOPPING": -0.6035255172035536, "coef_ROBOT_VACUUMING": 0.1213313917343606, "intercept": 18545.658913477335, "coef_ROBOT_DISHES": -0.4402725717106809}, {"target": "ROBOT_LAUNDRY", "r2": 0.729277981843454, "resid_std": 319.6324369524614, "resid_hl": 805.1561434408586, "coef_ROBOT_IRONING": 0.0117390904804659, "coef_ROBOT_LAUNDRY": NaN, "coef_ROBOT_MOPPING": -0.2779613496421816, "coef_ROBOT_VACUUMING": 0.2554560107231018, "intercept": 14981.250452115542, "coef_ROBOT_DISHES": -0.4508657432946347}], "evidence_type": "stat_test", "tags": ["basket", "ar1"], "confidence": "medium", "size": 988}