{"card_id": "6b06ccf1a217", "source_path": "ROUND_5/autoresearch/mr_study/01_fair_value_zoo/per_product/GALAXY_SOUNDS_SOLAR_WINDS/ranking.csv", "phase_tag": "autoresearch/mr_study/01_fair_value_zoo", "ext": ".csv", "products_mentioned": ["GALAXY_SOUNDS_SOLAR_WINDS"], "claim_summary": "CSV n=45 cols=11 sort_col=score", "columns": ["fv_id", "ic_abs", "half_life", "mean_abs_res", "res_to_spread", "adf_p", "z_ic", "z_hl", "z_res", "score", "product"], "n_rows": 45, "top_rows": [{"fv_id": "quad_500", "ic_abs": 0.0142740158323257, "half_life": 64.30452520850834, "mean_abs_res": 58.822674267346834, "res_to_spread": 4.376907493908912, "adf_p": 8.766105068780778e-12, "z_ic": 2.0086119811696155, "z_hl": 0.1953685466350791, "z_res": 0.1973486507088205, "score": 2.401329178513515, "product": "GALAXY_SOUNDS_SOLAR_WINDS"}, {"fv_id": "kalman_mle", "ic_abs": 0.004680077779015, "half_life": 0.1567291195607872, "mean_abs_res": 8.52035937191086, "res_to_spread": 0.6313389646735004, "adf_p": 0.0, "z_ic": -0.5661731870726081, "z_hl": 0.9514813557114064, "z_res": 0.8937194713511651, "score": 1.2790276399899634, "product": "GALAXY_SOUNDS_SOLAR_WINDS"}, {"fv_id": "median_500", "ic_abs": 0.0137163368662046, "half_life": 265.9596245488516, "mean_abs_res": 111.74837321232124, "res_to_spread": 8.243104954726242, "adf_p": 0.0332379180607746, "z_ic": 1.8589441885874405, "z_hl": -0.0685817090782875, "z_res": -0.5214493308366666, "score": 1.2689131486724865, "product": "GALAXY_SOUNDS_SOLAR_WINDS"}], "evidence_type": "backtest", "tags": ["mean_reversion", "stat_test", "microstructure"], "confidence": "high", "size": 9347}