{"card_id": "6b6c7ecf100c", "source_path": "ROUND_5/autoresearch/05_cross_product/groups/uv_visor/engle_granger.csv", "phase_tag": "autoresearch/05_cross_product/groups", "ext": ".csv", "products_mentioned": [], "claim_summary": "CSV n=10 cols=10 sort_col=None", "columns": ["a", "b", "slope", "intercept", "adf_p", "ou_hl", "wf1_sharpe", "wf1_pnl", "wf2_sharpe", "wf2_pnl"], "n_rows": 10, "top_rows": [{"a": "UV_VISOR_AMBER", "b": "UV_VISOR_MAGENTA", "slope": -1.4091713819950105, "intercept": 23570.11680733536, "adf_p": 0.0226936720317209, "ou_hl": 1057.691822744489, "wf1_sharpe": 0.9824907704568838, "wf1_pnl": 618.3440136203972, "wf2_sharpe": 0.8472376294334618, "wf2_pnl": 1170.562050931745}, {"a": "UV_VISOR_AMBER", "b": "UV_VISOR_ORANGE", "slope": -1.2866756870490454, "intercept": 21327.22829985073, "adf_p": 0.6228741414967619, "ou_hl": 4084.039650595892, "wf1_sharpe": -0.1302850078584728, "wf1_pnl": -100.20727103229, "wf2_sharpe": -0.3067763682050753, "wf2_pnl": -284.60970653552795}, {"a": "UV_VISOR_AMBER", "b": "UV_VISOR_RED", "slope": -0.9983549413757816, "intercept": 18956.79006681181, "adf_p": 0.4127601588869776, "ou_hl": 4095.65134120388, "wf1_sharpe": -0.4051530866872678, "wf1_pnl": -520.1382827461966, "wf2_sharpe": NaN, "wf2_pnl": 0.0}], "describe": {"slope": {"mean": -0.2640281716953956, "max": 0.651199575674477, "min": -1.4091713819950105}, "intercept": {"mean": 12573.917140025516, "max": 23570.11680733536, "min": 4322.056475939379}, "adf_p": {"mean": 0.3908868865250743, "max": 0.749273822680009, "min": 0.0226936720317209}, "ou_hl": {"mean": 3894.917578526506, "max": 8406.68017379382, "min": 1057.691822744489}, "wf1_sharpe": {"mean": 0.04389585432909156, "max": 0.9824907704568838, "min": -1.1954729321524742}, "wf1_pnl": {"mean": 21.048829521269273, "max": 769.2254141454196, "min": -945.8327233743094}}, "evidence_type": "backtest", "tags": ["mean_reversion", "stat_test", "backtest", "cointegration"], "confidence": "medium", "size": 1833, "raw_excerpt": ""}