{"card_id": "6d0288e78e5f", "source_path": "ROUND_5/autoresearch/mr_study/01_fair_value_zoo/per_product/TRANSLATOR_VOID_BLUE/ranking.csv", "phase_tag": "autoresearch/mr_study/01_fair_value_zoo", "ext": ".csv", "products_mentioned": ["TRANSLATOR_VOID_BLUE"], "claim_summary": "CSV n=45 cols=11 sort_col=score", "columns": ["fv_id", "ic_abs", "half_life", "mean_abs_res", "res_to_spread", "adf_p", "z_ic", "z_hl", "z_res", "score", "product"], "n_rows": 45, "top_rows": [{"fv_id": "ewma_10", "ic_abs": 0.010004954272276, "half_life": 9.485489416233406, "mean_abs_res": 24.15665430475571, "res_to_spread": 2.4156654304755705, "adf_p": 0.0, "z_ic": 0.9166093145420984, "z_hl": 0.7330989994933877, "z_res": 0.6912968709109186, "score": 2.341005184946405, "product": "TRANSLATOR_VOID_BLUE"}, {"fv_id": "microprice_ewma25", "ic_abs": 0.0100386730471894, "half_life": 22.968481999807384, "mean_abs_res": 36.85461938237955, "res_to_spread": 3.685461938237955, "adf_p": 1.0790179377127538e-22, "z_ic": 0.9314686098748428, "z_hl": 0.6130944326952902, "z_res": 0.4970684045750128, "score": 2.041631447145146, "product": "TRANSLATOR_VOID_BLUE"}, {"fv_id": "ewma_25", "ic_abs": 0.0100333149016823, "half_life": 22.96759199881207, "mean_abs_res": 36.85507811226952, "res_to_spread": 3.685507811226952, "adf_p": 1.0774854017882457e-22, "z_ic": 0.9291073655315776, "z_hl": 0.6130998226234184, "z_res": 0.4970613878284359, "score": 2.039268575983432, "product": "TRANSLATOR_VOID_BLUE"}], "evidence_type": "backtest", "tags": ["mean_reversion", "stat_test", "microstructure"], "confidence": "high", "size": 8966}