{"card_id": "6d07d749b24d", "source_path": "ROUND_5/autoresearch/05_cross_product/groups/snackpack/engle_granger.csv", "phase_tag": "autoresearch/05_cross_product/groups", "ext": ".csv", "products_mentioned": [], "claim_summary": "CSV n=10 cols=10 sort_col=None", "columns": ["a", "b", "slope", "intercept", "adf_p", "ou_hl", "wf1_sharpe", "wf1_pnl", "wf2_sharpe", "wf2_pnl"], "n_rows": 10, "top_rows": [{"a": "SNACKPACK_CHOCOLATE", "b": "SNACKPACK_PISTACHIO", "slope": 0.5036534841338596, "intercept": 5060.756776579524, "adf_p": 0.0118623197996033, "ou_hl": 875.8398513994665, "wf1_sharpe": 1.3406489787711318, "wf1_pnl": 247.9384180960633, "wf2_sharpe": 0.5470796520460521, "wf2_pnl": 227.67589456476435}, {"a": "SNACKPACK_CHOCOLATE", "b": "SNACKPACK_RASPBERRY", "slope": 0.0544712198905324, "intercept": 9294.420932901145, "adf_p": 0.0674626025401396, "ou_hl": 1299.9515668496715, "wf1_sharpe": 1.2521677256562067, "wf1_pnl": 535.477295540144, "wf2_sharpe": 0.0413248311204944, "wf2_pnl": 23.01518665920412}, {"a": "SNACKPACK_CHOCOLATE", "b": "SNACKPACK_STRAWBERRY", "slope": -0.2987126753824999, "intercept": 13041.57131930802, "adf_p": 0.0089285963320884, "ou_hl": 801.5537060622938, "wf1_sharpe": 1.5019940478783325, "wf1_pnl": 624.5008760044511, "wf2_sharpe": 1.9801816620195187, "wf2_pnl": 748.2254152183705}], "evidence_type": "backtest", "tags": ["cointegration", "mean_reversion", "stat_test", "basket", "backtest"], "confidence": "medium", "size": 1994}