{"card_id": "6e008be2afa3", "source_path": "ROUND_5/autoresearch/05_cross_product/groups/panel/engle_granger.csv", "phase_tag": "autoresearch/05_cross_product/groups", "ext": ".csv", "products_mentioned": [], "claim_summary": "CSV n=10 cols=10 sort_col=None", "columns": ["a", "b", "slope", "intercept", "adf_p", "ou_hl", "wf1_sharpe", "wf1_pnl", "wf2_sharpe", "wf2_pnl"], "n_rows": 10, "top_rows": [{"a": "PANEL_1X2", "b": "PANEL_1X4", "slope": -0.2179041653552113, "intercept": 10970.500977299733, "adf_p": 0.3121134037225619, "ou_hl": 3729.382090191162, "wf1_sharpe": 0.154753621892543, "wf1_pnl": 132.37281554913352, "wf2_sharpe": NaN, "wf2_pnl": 0.0}, {"a": "PANEL_1X2", "b": "PANEL_2X2", "slope": -0.4697811886466396, "intercept": 13421.634811869551, "adf_p": 0.1337356174036546, "ou_hl": 2421.025207078875, "wf1_sharpe": 0.8702841085901395, "wf1_pnl": 786.6220003575472, "wf2_sharpe": 2.575288039153343, "wf2_pnl": 796.6937312153023}, {"a": "PANEL_1X2", "b": "PANEL_2X4", "slope": 0.1209581434568869, "intercept": 7560.090415253296, "adf_p": 0.309403958575194, "ou_hl": 3938.041801807332, "wf1_sharpe": 0.5505002672179728, "wf1_pnl": 463.76403476981613, "wf2_sharpe": NaN, "wf2_pnl": 0.0}], "describe": {"slope": {"mean": -0.21156125601053902, "max": 0.7963313740345864, "min": -0.8033611866964012}, "intercept": {"mean": 11686.085266194132, "max": 18447.74402513491, "min": 1771.4348276728742}, "adf_p": {"mean": 0.42248032383032647, "max": 0.6863101356108232, "min": 0.1337356174036546}, "ou_hl": {"mean": 4123.668963359564, "max": 8050.915205701632, "min": 2421.025207078875}, "wf1_sharpe": {"mean": 0.5629638342720514, "max": 1.1703036639822668, "min": 0.1491642855149919}, "wf1_pnl": {"mean": 434.91153683894584, "max": 933.280920239973, "min": 0.0}}, "evidence_type": "backtest", "tags": ["mean_reversion", "stat_test", "backtest", "cointegration"], "confidence": "medium", "size": 1655, "raw_excerpt": ""}