{"card_id": "6e22077435d4", "source_path": "ROUND_5/autoresearch/04_statistical_patterns/intraday/PEBBLES_S.csv", "phase_tag": "autoresearch/04_statistical_patterns/intraday", "ext": ".csv", "products_mentioned": ["PEBBLES_S"], "claim_summary": "CSV n=100 cols=4 sort_col=None", "columns": ["bin", "mean_ret", "vol", "mean_mid"], "n_rows": 100, "top_rows": [{"bin": 0, "mean_ret": 0.9565217391304348, "vol": 15.418647167587448, "mean_mid": 9391.03}, {"bin": 1, "mean_ret": -0.555, "vol": 14.9557141684249, "mean_mid": 9433.793333333331}, {"bin": 2, "mean_ret": -0.0733333333333333, "vol": 15.62728369041437, "mean_mid": 9397.13}], "describe": {"bin": {"mean": 49.5, "max": 99.0, "min": 0.0}, "mean_ret": {"mean": -0.064418115942029, "max": 1.9183333333333332, "min": -1.9066666666666667}, "vol": {"mean": 15.011207704215815, "max": 16.52372335969655, "min": 13.680723933983154}, "mean_mid": {"mean": 8932.356733333334, "max": 9462.805, "min": 8271.625}}, "evidence_type": "stat_test", "tags": ["intraday", "basket"], "confidence": "medium", "size": 5218, "raw_excerpt": ""}