{"card_id": "6f5da700029c", "source_path": "ROUND_5/autoresearch/04_statistical_patterns/intraday/TRANSLATOR_ECLIPSE_CHARCOAL.csv", "phase_tag": "autoresearch/04_statistical_patterns/intraday", "ext": ".csv", "products_mentioned": ["TRANSLATOR_ECLIPSE_CHARCOAL"], "claim_summary": "CSV n=100 cols=4 sort_col=None", "columns": ["bin", "mean_ret", "vol", "mean_mid"], "n_rows": 100, "top_rows": [{"bin": 0, "mean_ret": 0.0969899665551839, "vol": 9.866421138238534, "mean_mid": 9958.196666666669}, {"bin": 1, "mean_ret": 0.565, "vol": 9.636448800515153, "mean_mid": 9964.573333333334}, {"bin": 2, "mean_ret": -1.37, "vol": 10.093530826648072, "mean_mid": 9965.546666666669}], "describe": {"bin": {"mean": 49.5, "max": 99.0, "min": 0.0}, "mean_ret": {"mean": -0.009180100334448178, "max": 1.4216666666666666, "min": -1.555}, "vol": {"mean": 9.84471205436658, "max": 11.39702038159954, "min": 8.812940691638444}, "mean_mid": {"mean": 9813.741883333332, "max": 10092.825, "min": 9531.366666666669}}, "evidence_type": "stat_test", "tags": ["intraday"], "confidence": "medium", "size": 5231, "raw_excerpt": ""}