{"card_id": "70b8b98b481a", "source_path": "ROUND_5/autoresearch/mr_study/01_fair_value_zoo/per_product/SLEEP_POD_LAMB_WOOL/ranking.csv", "phase_tag": "autoresearch/mr_study/01_fair_value_zoo", "ext": ".csv", "products_mentioned": ["SLEEP_POD_LAMB_WOOL"], "claim_summary": "CSV n=45 cols=11 sort_col=score", "columns": ["fv_id", "ic_abs", "half_life", "mean_abs_res", "res_to_spread", "adf_p", "z_ic", "z_hl", "z_res", "score", "product"], "n_rows": 45, "top_rows": [{"fv_id": "holt", "ic_abs": 0.0164254719010341, "half_life": 14.790814461090534, "mean_abs_res": 28.929249517761555, "res_to_spread": 3.0496051118591696, "adf_p": 3.7953349891330612e-28, "z_ic": 2.470809605966203, "z_hl": 0.2495347720505667, "z_res": 0.6359233608712515, "score": 3.3562677388880213, "product": "SLEEP_POD_LAMB_WOOL"}, {"fv_id": "lattice_2", "ic_abs": 0.0100549705424301, "half_life": 0.142912316018727, "mean_abs_res": 8.54866102110211, "res_to_spread": 0.9014044354435442, "adf_p": 0.0, "z_ic": 0.5279977100112507, "z_hl": 1.3505871850785347, "z_res": 0.9621765864082832, "score": 2.8407614814980686, "product": "SLEEP_POD_LAMB_WOOL"}, {"fv_id": "lattice_1", "ic_abs": 0.0098808268181963, "half_life": 0.1413047190498395, "mean_abs_res": 8.538510381038105, "res_to_spread": 0.9003477047704771, "adf_p": 0.0, "z_ic": 0.4748890957904462, "z_hl": 1.3511773972587149, "z_res": 0.9623370750415832, "score": 2.788403568090744, "product": "SLEEP_POD_LAMB_WOOL"}], "evidence_type": "backtest", "tags": ["microstructure", "mean_reversion", "stat_test", "basket"], "confidence": "high", "size": 9143}