{"card_id": "7148269936cf", "source_path": "ROUND_5/autoresearch/05_cross_product/groups/microchip/engle_granger.csv", "phase_tag": "autoresearch/05_cross_product/groups", "ext": ".csv", "products_mentioned": [], "claim_summary": "CSV n=10 cols=10 sort_col=None", "columns": ["a", "b", "slope", "intercept", "adf_p", "ou_hl", "wf1_sharpe", "wf1_pnl", "wf2_sharpe", "wf2_pnl"], "n_rows": 10, "top_rows": [{"a": "MICROCHIP_CIRCLE", "b": "MICROCHIP_OVAL", "slope": -0.1425720636639144, "intercept": 10381.067552311206, "adf_p": 0.2974291951890705, "ou_hl": 3120.830878377961, "wf1_sharpe": -0.1141344160335993, "wf1_pnl": -77.70676358271339, "wf2_sharpe": 0.6391789432532223, "wf2_pnl": 520.7882475314054}, {"a": "MICROCHIP_CIRCLE", "b": "MICROCHIP_RECTANGLE", "slope": 0.0980862770721626, "intercept": 8358.352817733377, "adf_p": 0.7744928423330335, "ou_hl": 6927.558606420966, "wf1_sharpe": 0.6228345715595697, "wf1_pnl": 287.11722350635046, "wf2_sharpe": -0.6315919674297523, "wf2_pnl": -504.1974045275674}, {"a": "MICROCHIP_CIRCLE", "b": "MICROCHIP_SQUARE", "slope": -0.0272905626183826, "intercept": 9585.893613095635, "adf_p": 0.7762704864738941, "ou_hl": 7031.446354258699, "wf1_sharpe": 1.229623851082625, "wf1_pnl": 622.4944074520845, "wf2_sharpe": -0.5474699424566896, "wf2_pnl": -439.5516089815883}], "evidence_type": "backtest", "tags": ["mean_reversion", "stat_test", "backtest", "cointegration"], "confidence": "medium", "size": 1848}