{"card_id": "74c5c8fcb3f0", "source_path": "ROUND_5/autoresearch/04_statistical_patterns/intraday/GALAXY_SOUNDS_BLACK_HOLES.csv", "phase_tag": "autoresearch/04_statistical_patterns/intraday", "ext": ".csv", "products_mentioned": ["GALAXY_SOUNDS_BLACK_HOLES"], "claim_summary": "CSV n=100 cols=4 sort_col=None", "columns": ["bin", "mean_ret", "vol", "mean_mid"], "n_rows": 100, "top_rows": [{"bin": 0, "mean_ret": -1.18561872909699, "vol": 11.715295480256366, "mean_mid": 11117.808333333332}, {"bin": 1, "mean_ret": -0.1866666666666666, "vol": 11.787988709484695, "mean_mid": 11064.506666666666}, {"bin": 2, "mean_ret": -0.0083333333333333, "vol": 11.09471674662532, "mean_mid": 11053.571666666669}], "describe": {"bin": {"mean": 49.5, "max": 99.0, "min": 0.0}, "mean_ret": {"mean": 0.11521047937569677, "max": 1.8866666666666667, "min": -1.2916666666666667}, "vol": {"mean": 11.463082963352772, "max": 13.12102772081479, "min": 10.389463833682347}, "mean_mid": {"mean": 11466.872083333332, "max": 12481.69, "min": 10910.275}}, "evidence_type": "stat_test", "tags": ["intraday"], "confidence": "medium", "size": 5328, "raw_excerpt": ""}