{"card_id": "7578d0668a67", "source_path": "ROUND_5/autoresearch/04_statistical_patterns/intraday/TRANSLATOR_GRAPHITE_MIST.csv", "phase_tag": "autoresearch/04_statistical_patterns/intraday", "ext": ".csv", "products_mentioned": ["TRANSLATOR_GRAPHITE_MIST"], "claim_summary": "CSV n=100 cols=4 sort_col=None", "columns": ["bin", "mean_ret", "vol", "mean_mid"], "n_rows": 100, "top_rows": [{"bin": 0, "mean_ret": 0.3846153846153846, "vol": 10.200550917937075, "mean_mid": 10147.295}, {"bin": 1, "mean_ret": -0.595, "vol": 10.369598364165974, "mean_mid": 10132.598333333332}, {"bin": 2, "mean_ret": 0.9016666666666666, "vol": 9.445646157179736, "mean_mid": 10165.045}], "describe": {"bin": {"mean": 49.5, "max": 99.0, "min": 0.0}, "mean_ret": {"mean": -0.006903846153846153, "max": 1.7016666666666669, "min": -1.3066666666666666}, "vol": {"mean": 10.11823698842894, "max": 11.668685643108274, "min": 9.01462023195772}, "mean_mid": {"mean": 10084.639683333333, "max": 10475.603333333333, "min": 9828.276666666668}}, "evidence_type": "stat_test", "tags": ["intraday", "ar1"], "confidence": "medium", "size": 5312, "raw_excerpt": ""}