{"card_id": "76f9ab1744f5", "source_path": "ROUND_5/autoresearch/mr_study/01_fair_value_zoo/per_product/OXYGEN_SHAKE_CHOCOLATE/ranking.csv", "phase_tag": "autoresearch/mr_study/01_fair_value_zoo", "ext": ".csv", "products_mentioned": ["OXYGEN_SHAKE_CHOCOLATE"], "claim_summary": "CSV n=45 cols=11 sort_col=score", "columns": ["fv_id", "ic_abs", "half_life", "mean_abs_res", "res_to_spread", "adf_p", "z_ic", "z_hl", "z_res", "score", "product"], "n_rows": 45, "top_rows": [{"fv_id": "ewma_10", "ic_abs": 0.0155748066474103, "half_life": 8.128176709931324, "mean_abs_res": 21.183556573137658, "res_to_spread": 1.694534922945845, "adf_p": 3.885518694514334e-28, "z_ic": 1.618990510465881, "z_hl": 0.7279611345860489, "z_res": 0.6625714559333351, "score": 3.009523100985265, "product": "OXYGEN_SHAKE_CHOCOLATE"}, {"fv_id": "microprice_ewma25", "ic_abs": 0.0142883873718557, "half_life": 19.46609583914407, "mean_abs_res": 32.25903015849403, "res_to_spread": 2.5808086804924986, "adf_p": 1.8062123781211572e-20, "z_ic": 1.1165153821352023, "z_hl": 0.611509591905631, "z_res": 0.4875319424950775, "score": 2.2155569165359106, "product": "OXYGEN_SHAKE_CHOCOLATE"}, {"fv_id": "ewma_25", "ic_abs": 0.0142828833551482, "half_life": 19.464638409907597, "mean_abs_res": 32.25917944968698, "res_to_spread": 2.5808173074953533, "adf_p": 1.7867291684047174e-20, "z_ic": 1.1143655142391198, "z_hl": 0.6115198631357003, "z_res": 0.4875302386576691, "score": 2.21341561603249, "product": "OXYGEN_SHAKE_CHOCOLATE"}], "evidence_type": "backtest", "tags": ["mean_reversion", "stat_test", "microstructure"], "confidence": "high", "size": 9338}