{"card_id": "7982588b38b2", "source_path": "ROUND_5/autoresearch/mr_study/01_fair_value_zoo/per_product/MICROCHIP_RECTANGLE/ranking.csv", "phase_tag": "autoresearch/mr_study/01_fair_value_zoo", "ext": ".csv", "products_mentioned": ["MICROCHIP_RECTANGLE"], "claim_summary": "CSV n=45 cols=11 sort_col=score", "columns": ["fv_id", "ic_abs", "half_life", "mean_abs_res", "res_to_spread", "adf_p", "z_ic", "z_hl", "z_res", "score", "product"], "n_rows": 45, "top_rows": [{"fv_id": "markov_20", "ic_abs": 0.0068815525047845, "half_life": 0.0876081171239491, "mean_abs_res": 9.957895280631408, "res_to_spread": 1.244736910078926, "adf_p": 0.0, "z_ic": 0.0164601260786813, "z_hl": 0.9996742742873592, "z_res": 0.8975706541872153, "score": 1.913705054553256, "product": "MICROCHIP_RECTANGLE"}, {"fv_id": "markov_50", "ic_abs": 0.0067623679709073, "half_life": 0.0972812525163191, "mean_abs_res": 9.971079479925814, "res_to_spread": 1.2463849349907268, "adf_p": 0.0, "z_ic": -0.0308008326029669, "z_hl": 0.9982917328965072, "z_res": 0.8974044723813862, "score": 1.8648953726749264, "product": "MICROCHIP_RECTANGLE"}, {"fv_id": "kalman_mle", "ic_abs": 0.0066877545597006, "half_life": 0.0968148141999788, "mean_abs_res": 9.951916269051472, "res_to_spread": 1.2439895336314342, "adf_p": 0.0, "z_ic": -0.0603877364521891, "z_hl": 0.998358118831524, "z_res": 0.8976460173487725, "score": 1.8356163997281072, "product": "MICROCHIP_RECTANGLE"}], "evidence_type": "backtest", "tags": ["mean_reversion", "stat_test", "microstructure", "cointegration"], "confidence": "high", "size": 9028}