{"card_id": "79977a990198", "source_path": "ROUND_5/autoresearch/04_statistical_patterns/intraday/ROBOT_VACUUMING.csv", "phase_tag": "autoresearch/04_statistical_patterns/intraday", "ext": ".csv", "products_mentioned": ["ROBOT_VACUUMING"], "claim_summary": "CSV n=100 cols=4 sort_col=None", "columns": ["bin", "mean_ret", "vol", "mean_mid"], "n_rows": 100, "top_rows": [{"bin": 0, "mean_ret": 0.1438127090301003, "vol": 9.869843578299832, "mean_mid": 9564.513333333334}, {"bin": 1, "mean_ret": -0.6766666666666666, "vol": 10.133661358593832, "mean_mid": 9515.765}, {"bin": 2, "mean_ret": 0.0183333333333333, "vol": 9.785859220895876, "mean_mid": 9502.438333333334}], "describe": {"bin": {"mean": 49.5, "max": 99.0, "min": 0.0}, "mean_ret": {"mean": -0.057495206243032324, "max": 1.2283333333333333, "min": -1.5216666666666667}, "vol": {"mean": 9.22429529140831, "max": 10.133661358593832, "min": 7.842771242238456}, "mean_mid": {"mean": 9166.775783333333, "max": 9564.513333333334, "min": 8876.726666666667}}, "evidence_type": "stat_test", "tags": ["intraday"], "confidence": "medium", "size": 5181, "raw_excerpt": ""}