{"card_id": "7a39838f0d3e", "source_path": "ROUND_5/autoresearch/04_statistical_patterns/intraday/UV_VISOR_MAGENTA.csv", "phase_tag": "autoresearch/04_statistical_patterns/intraday", "ext": ".csv", "products_mentioned": ["UV_VISOR_MAGENTA"], "claim_summary": "CSV n=100 cols=4 sort_col=None", "columns": ["bin", "mean_ret", "vol", "mean_mid"], "n_rows": 100, "top_rows": [{"bin": 0, "mean_ret": -0.5117056856187291, "vol": 11.083758150188968, "mean_mid": 10928.643333333332}, {"bin": 1, "mean_ret": -0.14, "vol": 11.296493669752987, "mean_mid": 10894.798333333334}, {"bin": 2, "mean_ret": 0.2133333333333333, "vol": 11.61115348157961, "mean_mid": 10918.553333333331}], "describe": {"bin": {"mean": 49.5, "max": 99.0, "min": 0.0}, "mean_ret": {"mean": 0.05103294314381272, "max": 1.43, "min": -1.221666666666667}, "vol": {"mean": 11.197451064595686, "max": 12.525733934219522, "min": 10.033350740919056}, "mean_mid": {"mean": 11111.792900000002, "max": 11439.725, "min": 10815.358333333334}}, "evidence_type": "stat_test", "tags": ["intraday"], "confidence": "medium", "size": 5623, "raw_excerpt": ""}