{"card_id": "7c4cb410ee4d", "source_path": "ROUND_5/autoresearch/04_statistical_patterns/intraday/SNACKPACK_CHOCOLATE.csv", "phase_tag": "autoresearch/04_statistical_patterns/intraday", "ext": ".csv", "products_mentioned": ["SNACKPACK_CHOCOLATE"], "claim_summary": "CSV n=100 cols=4 sort_col=None", "columns": ["bin", "mean_ret", "vol", "mean_mid"], "n_rows": 100, "top_rows": [{"bin": 0, "mean_ret": 0.0351170568561872, "vol": 6.575805069986981, "mean_mid": 9913.988333333333}, {"bin": 1, "mean_ret": 0.49, "vol": 6.9900717935461705, "mean_mid": 9951.308333333332}, {"bin": 2, "mean_ret": 0.1066666666666666, "vol": 6.4219228063452904, "mean_mid": 9989.19}], "describe": {"bin": {"mean": 49.5, "max": 99.0, "min": 0.0}, "mean_ret": {"mean": -0.011265496098104786, "max": 0.8116666666666666, "min": -1.0483333333333331}, "vol": {"mean": 6.569767926865966, "max": 7.164374228255891, "min": 5.880279714488442}, "mean_mid": {"mean": 9843.37165, "max": 10028.785, "min": 9633.16}}, "evidence_type": "stat_test", "tags": ["intraday", "basket"], "confidence": "medium", "size": 5240, "raw_excerpt": ""}