{"card_id": "8106607508d3", "source_path": "ROUND_5/autoresearch/05_cross_product/groups/sleep_pod/basket_residual.csv", "phase_tag": "autoresearch/05_cross_product/groups", "ext": ".csv", "products_mentioned": ["SLEEP_POD_COTTON", "SLEEP_POD_LAMB_WOOL", "SLEEP_POD_NYLON", "SLEEP_POD_POLYESTER", "SLEEP_POD_SUEDE"], "claim_summary": "CSV n=5 cols=10 sort_col=None", "columns": ["target", "r2", "resid_std", "resid_hl", "coef_SLEEP_POD_LAMB_WOOL", "coef_SLEEP_POD_NYLON", "coef_SLEEP_POD_POLYESTER", "coef_SLEEP_POD_SUEDE", "intercept", "coef_SLEEP_POD_COTTON"], "n_rows": 5, "top_rows": [{"target": "SLEEP_POD_COTTON", "r2": 0.7918989181447968, "resid_std": 404.94185933066456, "resid_hl": 895.0357131299332, "coef_SLEEP_POD_LAMB_WOOL": 0.0853192175568645, "coef_SLEEP_POD_NYLON": 0.1852873817334498, "coef_SLEEP_POD_POLYESTER": 0.8934633676782257, "coef_SLEEP_POD_SUEDE": -0.1604047068904785, "intercept": 78.15098397648615, "coef_SLEEP_POD_COTTON": NaN}, {"target": "SLEEP_POD_LAMB_WOOL", "r2": 0.2877772055726555, "resid_std": 348.68115581375207, "resid_hl": 1003.9124060947396, "coef_SLEEP_POD_LAMB_WOOL": NaN, "coef_SLEEP_POD_NYLON": 0.4424417775075043, "coef_SLEEP_POD_POLYESTER": -0.1651278455430961, "coef_SLEEP_POD_SUEDE": 0.03509939113373, "intercept": 7263.80859952779, "coef_SLEEP_POD_COTTON": 0.0632584392519801}, {"target": "SLEEP_POD_NYLON", "r2": 0.3851368703127936, "resid_std": 398.90371946445833, "resid_hl": 1589.2661339430515, "coef_SLEEP_POD_LAMB_WOOL": 0.5790757071012004, "coef_SLEEP_POD_NYLON": NaN, "coef_SLEEP_POD_POLYESTER": 0.1038329360054763, "coef_SLEEP_POD_SUEDE": -0.0976280836018611, "intercept": 1250.0974258601034, "coef_SLEEP_POD_COTTON": 0.179802891148134}], "evidence_type": "stat_test", "tags": ["basket", "ar1"], "confidence": "medium", "size": 1018}