{"card_id": "84cdc9185483", "source_path": "ROUND_5/autoresearch/05_cross_product/groups/robot/ret_corr.csv", "phase_tag": "autoresearch/05_cross_product/groups", "ext": ".csv", "products_mentioned": ["ROBOT_DISHES", "ROBOT_IRONING", "ROBOT_LAUNDRY", "ROBOT_MOPPING", "ROBOT_VACUUMING"], "claim_summary": "CSV n=5 cols=6 sort_col=None", "columns": ["Unnamed: 0", "ROBOT_DISHES", "ROBOT_IRONING", "ROBOT_LAUNDRY", "ROBOT_MOPPING", "ROBOT_VACUUMING"], "n_rows": 5, "top_rows": [{"Unnamed: 0": "ROBOT_DISHES", "ROBOT_DISHES": 1.0, "ROBOT_IRONING": 0.0004001892305516, "ROBOT_LAUNDRY": 0.0012872285129264, "ROBOT_MOPPING": -0.0063575752533973, "ROBOT_VACUUMING": 0.0054069274847674}, {"Unnamed: 0": "ROBOT_IRONING", "ROBOT_DISHES": 0.0004001892305516, "ROBOT_IRONING": 1.0, "ROBOT_LAUNDRY": -0.0081617385204989, "ROBOT_MOPPING": -0.0002232896151229, "ROBOT_VACUUMING": 0.0124940960494637}, {"Unnamed: 0": "ROBOT_LAUNDRY", "ROBOT_DISHES": 0.0012872285129264, "ROBOT_IRONING": -0.0081617385204989, "ROBOT_LAUNDRY": 1.0, "ROBOT_MOPPING": -0.0093773930704503, "ROBOT_VACUUMING": -0.0018932563114532}], "describe": {"ROBOT_DISHES": {"mean": 0.20014735399496963, "max": 1.0, "min": -0.0063575752533973}, "ROBOT_IRONING": {"mean": 0.20090185142887867, "max": 1.0, "min": -0.0081617385204989}, "ROBOT_LAUNDRY": {"mean": 0.1963709681221048, "max": 1.0, "min": -0.0093773930704503}, "ROBOT_MOPPING": {"mean": 0.19603230408935832, "max": 1.0, "min": -0.0093773930704503}, "ROBOT_VACUUMING": {"mean": 0.20242550912170804, "max": 1.0, "min": -0.0038802216142378}}, "evidence_type": "stat_test", "tags": [], "confidence": "medium", "size": 607, "raw_excerpt": ""}