{"card_id": "8ad2b0e1fee0", "source_path": "ROUND_5/autoresearch/mr_study/01_fair_value_zoo/per_product/OXYGEN_SHAKE_EVENING_BREATH/ranking.csv", "phase_tag": "autoresearch/mr_study/01_fair_value_zoo", "ext": ".csv", "products_mentioned": ["OXYGEN_SHAKE_EVENING_BREATH"], "claim_summary": "CSV n=45 cols=11 sort_col=score", "columns": ["fv_id", "ic_abs", "half_life", "mean_abs_res", "res_to_spread", "adf_p", "z_ic", "z_hl", "z_res", "score", "product"], "n_rows": 45, "top_rows": [{"fv_id": "ar1_dx", "ic_abs": 0.0899495660863957, "half_life": 0.1254312226388891, "mean_abs_res": 7.686320935086862, "res_to_spread": 0.6405267445905719, "adf_p": 0.0, "z_ic": 1.4884493382850177, "z_hl": 1.038793152555115, "z_res": 0.9249324444119734, "score": 3.452174935252106, "product": "OXYGEN_SHAKE_EVENING_BREATH"}, {"fv_id": "ar3_dx", "ic_abs": 0.0893457134547418, "half_life": 0.1282739800743433, "mean_abs_res": 7.7065567983002845, "res_to_spread": 0.6422130665250236, "adf_p": 0.0, "z_ic": 1.470951847504036, "z_hl": 1.0384286862139354, "z_res": 0.924581472535916, "score": 3.4339620062538874, "product": "OXYGEN_SHAKE_EVENING_BREATH"}, {"fv_id": "ar5_dx", "ic_abs": 0.088992039741824, "half_life": 0.1323293983402045, "mean_abs_res": 7.717133255020931, "res_to_spread": 0.6430944379184109, "adf_p": 0.0, "z_ic": 1.4607036475180488, "z_hl": 1.0379103324620986, "z_res": 0.924398033914191, "score": 3.4230120138943385, "product": "OXYGEN_SHAKE_EVENING_BREATH"}], "evidence_type": "backtest", "tags": ["mean_reversion", "stat_test", "microstructure"], "confidence": "high", "size": 9294}