{"card_id": "8e8ea5b61564", "source_path": "ROUND_5/autoresearch/mr_study/01_fair_value_zoo/per_product/SNACKPACK_STRAWBERRY/ranking.csv", "phase_tag": "autoresearch/mr_study/01_fair_value_zoo", "ext": ".csv", "products_mentioned": ["SNACKPACK_STRAWBERRY"], "claim_summary": "CSV n=45 cols=11 sort_col=score", "columns": ["fv_id", "ic_abs", "half_life", "mean_abs_res", "res_to_spread", "adf_p", "z_ic", "z_hl", "z_res", "score", "product"], "n_rows": 45, "top_rows": [{"fv_id": "microprice_ewma25", "ic_abs": 0.0176178691344013, "half_life": 20.82158411167206, "mean_abs_res": 25.69506553624352, "res_to_spread": 1.3901690282298202, "adf_p": 5.4116390461022375e-24, "z_ic": 1.5151228338435851, "z_hl": 0.6045069047170369, "z_res": 0.4953257768950306, "score": 2.614955515455653, "product": "SNACKPACK_STRAWBERRY"}, {"fv_id": "ewma_25", "ic_abs": 0.0176120210608836, "half_life": 20.812961372988465, "mean_abs_res": 25.69491198486478, "res_to_spread": 1.3901602154024726, "adf_p": 5.375657908253035e-24, "z_ic": 1.5123026481219328, "z_hl": 0.6045639529880885, "z_res": 0.4953297994282813, "score": 2.6121964005383025, "product": "SNACKPACK_STRAWBERRY"}, {"fv_id": "mean_50", "ic_abs": 0.0171672856431277, "half_life": 19.8954925530256, "mean_abs_res": 25.128786887188724, "res_to_spread": 1.3595265466941435, "adf_p": 1.1329656943955104e-25, "z_ic": 1.2978326228598935, "z_hl": 0.6107665275904522, "z_res": 0.5093122531981696, "score": 2.417911403648515, "product": "SNACKPACK_STRAWBERRY"}], "evidence_type": "backtest", "tags": ["microstructure", "mean_reversion", "stat_test", "basket"], "confidence": "high", "size": 8984}