{"card_id": "938629a81834", "source_path": "ROUND_5/autoresearch/04_statistical_patterns/intraday/OXYGEN_SHAKE_GARLIC.csv", "phase_tag": "autoresearch/04_statistical_patterns/intraday", "ext": ".csv", "products_mentioned": ["OXYGEN_SHAKE_GARLIC"], "claim_summary": "CSV n=100 cols=4 sort_col=None", "columns": ["bin", "mean_ret", "vol", "mean_mid"], "n_rows": 100, "top_rows": [{"bin": 0, "mean_ret": -0.6555183946488294, "vol": 11.27196117394286, "mean_mid": 11227.698333333334}, {"bin": 1, "mean_ret": 0.6933333333333334, "vol": 11.19279012242424, "mean_mid": 11219.026666666668}, {"bin": 2, "mean_ret": -0.8183333333333334, "vol": 10.999140916083476, "mean_mid": 11227.168333333331}], "describe": {"bin": {"mean": 49.5, "max": 99.0, "min": 0.0}, "mean_ret": {"mean": 0.12951148272017837, "max": 2.0283333333333333, "min": -1.7716666666666667}, "vol": {"mean": 11.994764489377257, "max": 13.440306420532783, "min": 10.784942432743536}, "mean_mid": {"mean": 11925.639766666665, "max": 12670.46, "min": 10985.75}}, "evidence_type": "stat_test", "tags": ["intraday"], "confidence": "medium", "size": 5400, "raw_excerpt": ""}