{"card_id": "9558fbf58b11", "source_path": "ROUND_5/autoresearch/04_statistical_patterns/intraday/MICROCHIP_SQUARE.csv", "phase_tag": "autoresearch/04_statistical_patterns/intraday", "ext": ".csv", "products_mentioned": ["MICROCHIP_SQUARE"], "claim_summary": "CSV n=100 cols=4 sort_col=None", "columns": ["bin", "mean_ret", "vol", "mean_mid"], "n_rows": 100, "top_rows": [{"bin": 0, "mean_ret": -0.1204013377926421, "vol": 19.034291340059216, "mean_mid": 12771.646666666667}, {"bin": 1, "mean_ret": 0.4166666666666667, "vol": 21.594152301048805, "mean_mid": 12788.891666666666}, {"bin": 2, "mean_ret": 0.6866666666666666, "vol": 19.852427689650412, "mean_mid": 12825.375}], "describe": {"bin": {"mean": 49.5, "max": 99.0, "min": 0.0}, "mean_ret": {"mean": 0.12109598662207358, "max": 3.74, "min": -2.335}, "vol": {"mean": 20.686323525819947, "max": 23.55112201962999, "min": 18.084236423565457}, "mean_mid": {"mean": 13594.7483, "max": 14376.121666666666, "min": 12574.008333333331}}, "evidence_type": "stat_test", "tags": ["intraday"], "confidence": "medium", "size": 5202, "raw_excerpt": ""}