{"card_id": "963b3e9fc2a8", "source_path": "ROUND_5/autoresearch/mr_study/01_fair_value_zoo/per_product/PANEL_2X2/ranking.csv", "phase_tag": "autoresearch/mr_study/01_fair_value_zoo", "ext": ".csv", "products_mentioned": ["PANEL_2X2"], "claim_summary": "CSV n=45 cols=11 sort_col=score", "columns": ["fv_id", "ic_abs", "half_life", "mean_abs_res", "res_to_spread", "adf_p", "z_ic", "z_hl", "z_res", "score", "product"], "n_rows": 45, "top_rows": [{"fv_id": "ar1_dx", "ic_abs": 0.0111847728402816, "half_life": 0.1458773699169436, "mean_abs_res": 7.550193284637711, "res_to_spread": 0.8877551732302686, "adf_p": 0.0, "z_ic": 1.017828889973455, "z_hl": 1.2871717318212126, "z_res": 0.7939230700027726, "score": 3.0989236917974408, "product": "PANEL_2X2"}, {"fv_id": "markov_20", "ic_abs": 0.0110891669084369, "half_life": 0.1175963472154455, "mean_abs_res": 7.554793961404742, "res_to_spread": 0.8882725426781316, "adf_p": 0.0, "z_ic": 0.9891090828091944, "z_hl": 1.2970850534917082, "z_res": 0.7938622327460251, "score": 3.0800563690469276, "product": "PANEL_2X2"}, {"fv_id": "ar2_dx", "ic_abs": 0.0111150165933104, "half_life": 0.1439925355154526, "mean_abs_res": 7.550690970337992, "res_to_spread": 0.8878155736801788, "adf_p": 0.0, "z_ic": 0.9968742700784228, "z_hl": 1.2878247712916304, "z_res": 0.7939159675391578, "score": 3.078615008909211, "product": "PANEL_2X2"}], "evidence_type": "backtest", "tags": ["mean_reversion", "stat_test", "microstructure"], "confidence": "high", "size": 8655}