{"card_id": "96b18408f83a", "source_path": "ROUND_5/autoresearch/mr_study/01_fair_value_zoo/per_product/MICROCHIP_SQUARE/ranking.csv", "phase_tag": "autoresearch/mr_study/01_fair_value_zoo", "ext": ".csv", "products_mentioned": ["MICROCHIP_SQUARE"], "claim_summary": "CSV n=45 cols=11 sort_col=score", "columns": ["fv_id", "ic_abs", "half_life", "mean_abs_res", "res_to_spread", "adf_p", "z_ic", "z_hl", "z_res", "score", "product"], "n_rows": 45, "top_rows": [{"fv_id": "ar5_dx", "ic_abs": 0.0201540494652089, "half_life": 0.1208991423386391, "mean_abs_res": 17.783569381600262, "res_to_spread": 1.3679668755077126, "adf_p": 0.0, "z_ic": 1.3103479807116505, "z_hl": 1.0597823134478956, "z_res": 0.8761729715302519, "score": 3.246303265689798, "product": "MICROCHIP_SQUARE"}, {"fv_id": "ar3_dx", "ic_abs": 0.0200212532867821, "half_life": 0.1450511457616625, "mean_abs_res": 17.775500984209685, "res_to_spread": 1.3673462295545908, "adf_p": 0.0, "z_ic": 1.2864781191938413, "z_hl": 1.0566833706276388, "z_res": 0.8762240517545928, "score": 3.219385541576073, "product": "MICROCHIP_SQUARE"}, {"fv_id": "ar2_dx", "ic_abs": 0.0199158099871497, "half_life": 0.1448904558436247, "mean_abs_res": 17.774946821419036, "res_to_spread": 1.367303601647618, "adf_p": 0.0, "z_ic": 1.267524885825038, "z_hl": 1.056703771961124, "z_res": 0.8762275601043055, "score": 3.2004562178904674, "product": "MICROCHIP_SQUARE"}], "evidence_type": "backtest", "tags": ["mean_reversion", "stat_test", "microstructure"], "confidence": "high", "size": 8823}