{"card_id": "97d08524c65f", "source_path": "ROUND_5/autoresearch/mr_study/01_fair_value_zoo/per_product/MICROCHIP_OVAL/ranking.csv", "phase_tag": "autoresearch/mr_study/01_fair_value_zoo", "ext": ".csv", "products_mentioned": ["MICROCHIP_OVAL"], "claim_summary": "CSV n=45 cols=11 sort_col=score", "columns": ["fv_id", "ic_abs", "half_life", "mean_abs_res", "res_to_spread", "adf_p", "z_ic", "z_hl", "z_res", "score", "product"], "n_rows": 45, "top_rows": [{"fv_id": "ar1_dx", "ic_abs": 0.0099913291739156, "half_life": 0.1467058718455854, "mean_abs_res": 8.839586799932508, "res_to_spread": 1.2594599867056722, "adf_p": 0.0, "z_ic": 0.6116321301677484, "z_hl": 1.093729938369755, "z_res": 0.7642853189252234, "score": 2.469647387462727, "product": "MICROCHIP_OVAL"}, {"fv_id": "ar3_dx", "ic_abs": 0.0099422688102489, "half_life": 0.1501033340425836, "mean_abs_res": 8.841909620864293, "res_to_spread": 1.2598306049296557, "adf_p": 0.0, "z_ic": 0.5975715575818135, "z_hl": 1.093310859891749, "z_res": 0.7642592960610278, "score": 2.4551417135345903, "product": "MICROCHIP_OVAL"}, {"fv_id": "ar2_dx", "ic_abs": 0.0099390529076648, "half_life": 0.1474805462955198, "mean_abs_res": 8.840368097160733, "res_to_spread": 1.259563983325645, "adf_p": 0.0, "z_ic": 0.5966498882680736, "z_hl": 1.0936342727536243, "z_res": 0.7642780168290414, "score": 2.454562177850739, "product": "MICROCHIP_OVAL"}], "evidence_type": "backtest", "tags": ["mean_reversion", "stat_test", "microstructure"], "confidence": "high", "size": 8720}