{"card_id": "987a0d2ca7e8", "source_path": "ROUND_5/autoresearch/04_statistical_patterns/intraday/OXYGEN_SHAKE_MORNING_BREATH.csv", "phase_tag": "autoresearch/04_statistical_patterns/intraday", "ext": ".csv", "products_mentioned": ["OXYGEN_SHAKE_MORNING_BREATH"], "claim_summary": "CSV n=100 cols=4 sort_col=None", "columns": ["bin", "mean_ret", "vol", "mean_mid"], "n_rows": 100, "top_rows": [{"bin": 0, "mean_ret": 0.1371237458193979, "vol": 11.245711774278186, "mean_mid": 10192.593333333334}, {"bin": 1, "mean_ret": -0.2233333333333333, "vol": 10.414171696746692, "mean_mid": 10172.091666666667}, {"bin": 2, "mean_ret": 0.1866666666666666, "vol": 10.60479582723528, "mean_mid": 10182.121666666666}], "describe": {"bin": {"mean": 49.5, "max": 99.0, "min": 0.0}, "mean_ret": {"mean": -0.014978762541806016, "max": 1.11, "min": -1.5633333333333332}, "vol": {"mean": 10.087044137121623, "max": 11.245711774278186, "min": 8.9531849430414}, "mean_mid": {"mean": 10000.45335, "max": 10530.66, "min": 9539.063333333334}}, "evidence_type": "stat_test", "tags": ["intraday"], "confidence": "medium", "size": 5250, "raw_excerpt": ""}