{"card_id": "990fbe406dff", "source_path": "ROUND_5/autoresearch/07_hidden_patterns/sum_invariants_summary.csv", "phase_tag": "autoresearch/07_hidden_patterns/sum_invariants_summary.csv", "ext": ".csv", "products_mentioned": [], "claim_summary": "CSV n=11 cols=7 sort_col=None", "columns": ["set", "n_products", "mean", "std", "min", "max", "rel_std"], "n_rows": 11, "top_rows": [{"set": "galaxy_sounds", "n_products": 5, "mean": 53990.32275, "std": 1645.037969978665, "min": 49288.5, "max": 56543.0, "rel_std": 0.030469126432082}, {"set": "microchip", "n_products": 5, "mean": 49408.06273333333, "std": 1501.929900321154, "min": 45843.0, "max": 52241.5, "rel_std": 0.0303984778441408}, {"set": "oxygen_shake", "n_products": 5, "mean": 50593.261333333336, "std": 1083.10179941922, "min": 48997.0, "max": 53865.5, "rel_std": 0.0214080249202203}], "describe": {"n_products": {"mean": 9.090909090909092, "max": 50.0, "min": 5.0}, "mean": {"mean": 92402.09136060606, "max": 508211.50248333334, "min": 48809.635883333336}, "std": {"mean": 1334.8628906324286, "max": 4188.668424058859, "min": 2.79848814140507}, "min": {"mean": 89230.22727272728, "max": 497045.0, "min": 45843.0}, "max": {"mean": 95034.45454545454, "max": 514442.0, "min": 50016.5}, "rel_std": {"mean": 0.01917727494150602, "max": 0.0518141427854051, "min": 5.596983045831322e-05}}, "evidence_type": "stat_test", "tags": ["basket"], "confidence": "medium", "size": 947, "raw_excerpt": ""}