{"card_id": "9b22b6300397", "source_path": "ROUND_5/autoresearch/08_signals/signals_aggregate.csv", "phase_tag": "autoresearch/08_signals/signals_aggregate.csv", "ext": ".csv", "products_mentioned": [], "claim_summary": "CSV n=20 cols=5 sort_col=None", "columns": ["signal", "min_sharpe", "max_sharpe", "mean_sharpe", "sum_pnl"], "n_rows": 20, "top_rows": [{"signal": "pebbles_basket_residual", "min_sharpe": 16.61752616734503, "max_sharpe": 17.175006323198875, "mean_sharpe": 16.896266245271953, "sum_pnl": 9216.5}, {"signal": "ar1_OXYGEN_SHAKE_EVENING_BREATH", "min_sharpe": 7.566886106287315, "max_sharpe": 9.330679992271437, "mean_sharpe": 8.448783049279374, "sum_pnl": 13653.0}, {"signal": "ar1_ROBOT_IRONING", "min_sharpe": 7.346017717157063, "max_sharpe": 11.22045246267653, "mean_sharpe": 9.283235089916795, "sum_pnl": 13119.5}], "describe": {"min_sharpe": {"mean": 1.77562870088587, "max": 16.61752616734503, "min": -1.7127493203340352}, "max_sharpe": {"mean": 3.5696411520811244, "max": 17.175006323198875, "min": -1.2466070871743962}, "mean_sharpe": {"mean": 2.6726349264834974, "max": 16.896266245271953, "min": -1.4796782037542155}, "sum_pnl": {"mean": 3766.35053666932, "max": 22295.0, "min": -3238.1212954514967}}, "evidence_type": "backtest", "tags": ["backtest"], "confidence": "medium", "size": 2220, "raw_excerpt": ""}