{"card_id": "9e5073315848", "source_path": "ROUND_5/autoresearch/04_statistical_patterns/intraday/UV_VISOR_AMBER.csv", "phase_tag": "autoresearch/04_statistical_patterns/intraday", "ext": ".csv", "products_mentioned": ["UV_VISOR_AMBER"], "claim_summary": "CSV n=100 cols=4 sort_col=None", "columns": ["bin", "mean_ret", "vol", "mean_mid"], "n_rows": 100, "top_rows": [{"bin": 0, "mean_ret": -0.6337792642140468, "vol": 8.812675592887475, "mean_mid": 8592.365}, {"bin": 1, "mean_ret": -0.5866666666666667, "vol": 9.12515114946363, "mean_mid": 8512.433333333332}, {"bin": 2, "mean_ret": -0.4966666666666666, "vol": 8.66633371283939, "mean_mid": 8486.603333333333}], "describe": {"bin": {"mean": 49.5, "max": 99.0, "min": 0.0}, "mean_ret": {"mean": -0.09568779264214047, "max": 0.9666666666666668, "min": -1.1233333333333333}, "vol": {"mean": 7.994935038388946, "max": 9.12515114946363, "min": 7.012212630509277}, "mean_mid": {"mean": 7911.69625, "max": 8592.365, "min": 7617.21}}, "evidence_type": "stat_test", "tags": ["intraday"], "confidence": "medium", "size": 5108, "raw_excerpt": ""}