{"card_id": "a143af8ce758", "source_path": "ROUND_5/autoresearch/04_statistical_patterns/intraday/PEBBLES_L.csv", "phase_tag": "autoresearch/04_statistical_patterns/intraday", "ext": ".csv", "products_mentioned": ["PEBBLES_L"], "claim_summary": "CSV n=100 cols=4 sort_col=None", "columns": ["bin", "mean_ret", "vol", "mean_mid"], "n_rows": 100, "top_rows": [{"bin": 0, "mean_ret": 0.0334448160535117, "vol": 14.681422945483158, "mean_mid": 10335.875}, {"bin": 1, "mean_ret": 0.96, "vol": 14.89377324942713, "mean_mid": 10435.258333333331}, {"bin": 2, "mean_ret": -1.106666666666667, "vol": 14.63080621578896, "mean_mid": 10406.393333333332}], "describe": {"bin": {"mean": 49.5, "max": 99.0, "min": 0.0}, "mean_ret": {"mean": -0.029132218506131586, "max": 2.3516666666666666, "min": -2.395}, "vol": {"mean": 15.017268459061775, "max": 16.361122158432963, "min": 13.501676162511243}, "mean_mid": {"mean": 10174.110583333333, "max": 10659.663333333334, "min": 9590.2}}, "evidence_type": "stat_test", "tags": ["intraday", "basket"], "confidence": "medium", "size": 5327, "raw_excerpt": ""}