{"card_id": "a15f121785af", "source_path": "ROUND_5/autoresearch/05_cross_product/groups/uv_visor/price_corr.csv", "phase_tag": "autoresearch/05_cross_product/groups", "ext": ".csv", "products_mentioned": ["UV_VISOR_AMBER", "UV_VISOR_MAGENTA", "UV_VISOR_ORANGE", "UV_VISOR_RED", "UV_VISOR_YELLOW"], "claim_summary": "CSV n=5 cols=6 sort_col=None", "columns": ["Unnamed: 0", "UV_VISOR_AMBER", "UV_VISOR_MAGENTA", "UV_VISOR_ORANGE", "UV_VISOR_RED", "UV_VISOR_YELLOW"], "n_rows": 5, "top_rows": [{"Unnamed: 0": "UV_VISOR_AMBER", "UV_VISOR_AMBER": 1.0, "UV_VISOR_MAGENTA": -0.867276220686244, "UV_VISOR_ORANGE": -0.710638553726838, "UV_VISOR_RED": -0.5885627440575723, "UV_VISOR_YELLOW": -0.1190305796716402}, {"Unnamed: 0": "UV_VISOR_MAGENTA", "UV_VISOR_AMBER": -0.867276220686244, "UV_VISOR_MAGENTA": 1.0, "UV_VISOR_ORANGE": 0.5843864740255512, "UV_VISOR_RED": 0.3128424104545114, "UV_VISOR_YELLOW": 0.2845641600792554}, {"Unnamed: 0": "UV_VISOR_ORANGE", "UV_VISOR_AMBER": -0.710638553726838, "UV_VISOR_MAGENTA": 0.5843864740255512, "UV_VISOR_ORANGE": 1.0, "UV_VISOR_RED": 0.4160087836727121, "UV_VISOR_YELLOW": -0.0175304213882734}], "describe": {"UV_VISOR_AMBER": {"mean": -0.2571016196284589, "max": 1.0, "min": -0.867276220686244}, "UV_VISOR_MAGENTA": {"mean": 0.2629033647746148, "max": 1.0, "min": -0.867276220686244}, "UV_VISOR_ORANGE": {"mean": 0.25444525651663036, "max": 1.0, "min": -0.710638553726838}, "UV_VISOR_RED": {"mean": 0.13954379614687693, "max": 1.0, "min": -0.5885627440575723}, "UV_VISOR_YELLOW": {"mean": 0.14108673793681503, "max": 1.0, "min": -0.4425694693352666}}, "evidence_type": "stat_test", "tags": [], "confidence": "medium", "size": 573, "raw_excerpt": ""}