{"card_id": "a1c4f7ce24f1", "source_path": "ROUND_5/autoresearch/04_statistical_patterns/intraday/GALAXY_SOUNDS_SOLAR_FLAMES.csv", "phase_tag": "autoresearch/04_statistical_patterns/intraday", "ext": ".csv", "products_mentioned": ["GALAXY_SOUNDS_SOLAR_FLAMES"], "claim_summary": "CSV n=100 cols=4 sort_col=None", "columns": ["bin", "mean_ret", "vol", "mean_mid"], "n_rows": 100, "top_rows": [{"bin": 0, "mean_ret": -0.0317725752508361, "vol": 10.21956082018696, "mean_mid": 10652.81}, {"bin": 1, "mean_ret": -0.1666666666666666, "vol": 10.982452812927672, "mean_mid": 10648.731666666668}, {"bin": 2, "mean_ret": 0.8116666666666666, "vol": 9.93702733533018, "mean_mid": 10687.976666666667}], "describe": {"bin": {"mean": 49.5, "max": 99.0, "min": 0.0}, "mean_ret": {"mean": 0.027432274247491638, "max": 1.6116666666666666, "min": -1.2583333333333333}, "vol": {"mean": 11.084456639263523, "max": 12.569150866773208, "min": 9.873063362304316}, "mean_mid": {"mean": 11092.571699999999, "max": 11393.958333333334, "min": 10648.731666666668}}, "evidence_type": "stat_test", "tags": ["intraday"], "confidence": "medium", "size": 5393, "raw_excerpt": ""}