{"card_id": "a3521f631f02", "source_path": "ROUND_5/autoresearch/04_statistical_patterns/intraday/GALAXY_SOUNDS_SOLAR_WINDS.csv", "phase_tag": "autoresearch/04_statistical_patterns/intraday", "ext": ".csv", "products_mentioned": ["GALAXY_SOUNDS_SOLAR_WINDS"], "claim_summary": "CSV n=100 cols=4 sort_col=None", "columns": ["bin", "mean_ret", "vol", "mean_mid"], "n_rows": 100, "top_rows": [{"bin": 0, "mean_ret": -0.1187290969899665, "vol": 10.036850744931384, "mean_mid": 10149.993333333334}, {"bin": 1, "mean_ret": -0.355, "vol": 9.656810461757772, "mean_mid": 10061.43}, {"bin": 2, "mean_ret": -0.4566666666666666, "vol": 10.55285100989359, "mean_mid": 10051.195}], "describe": {"bin": {"mean": 49.5, "max": 99.0, "min": 0.0}, "mean_ret": {"mean": 0.008246042363433691, "max": 1.4633333333333334, "min": -1.5133333333333334}, "vol": {"mean": 10.529654965702484, "max": 11.591292790792268, "min": 9.391369617893254}, "mean_mid": {"mean": 10437.543966666664, "max": 10752.748333333331, "min": 9940.418333333331}}, "evidence_type": "stat_test", "tags": ["intraday"], "confidence": "medium", "size": 5387, "raw_excerpt": ""}