{"card_id": "a8222d2fed12", "source_path": "ROUND_5/autoresearch/04_statistical_patterns/intraday/MICROCHIP_TRIANGLE.csv", "phase_tag": "autoresearch/04_statistical_patterns/intraday", "ext": ".csv", "products_mentioned": ["MICROCHIP_TRIANGLE"], "claim_summary": "CSV n=100 cols=4 sort_col=None", "columns": ["bin", "mean_ret", "vol", "mean_mid"], "n_rows": 100, "top_rows": [{"bin": 0, "mean_ret": -0.451505016722408, "vol": 13.595985740807343, "mean_mid": 9870.083333333334}, {"bin": 1, "mean_ret": -0.1716666666666666, "vol": 11.723459196870651, "mean_mid": 9858.753333333334}, {"bin": 2, "mean_ret": 0.23, "vol": 14.970274895097376, "mean_mid": 9843.783333333333}], "describe": {"bin": {"mean": 49.5, "max": 99.0, "min": 0.0}, "mean_ret": {"mean": -0.06863171683389074, "max": 2.171666666666667, "min": -2.63}, "vol": {"mean": 14.483067446120126, "max": 15.947867532001988, "min": 11.723459196870651}, "mean_mid": {"mean": 9686.391083333332, "max": 10139.323333333334, "min": 9220.773333333333}}, "evidence_type": "stat_test", "tags": ["intraday"], "confidence": "medium", "size": 5130, "raw_excerpt": ""}