{"card_id": "a8bf8a919c84", "source_path": "ROUND_5/autoresearch/04_statistical_patterns/intraday/MICROCHIP_CIRCLE.csv", "phase_tag": "autoresearch/04_statistical_patterns/intraday", "ext": ".csv", "products_mentioned": ["MICROCHIP_CIRCLE"], "claim_summary": "CSV n=100 cols=4 sort_col=None", "columns": ["bin", "mean_ret", "vol", "mean_mid"], "n_rows": 100, "top_rows": [{"bin": 0, "mean_ret": 0.0551839464882943, "vol": 9.642926862356758, "mean_mid": 9156.891666666666}, {"bin": 1, "mean_ret": -0.575, "vol": 8.825901092825278, "mean_mid": 9107.465}, {"bin": 2, "mean_ret": -0.3016666666666667, "vol": 9.055375750837271, "mean_mid": 9098.021666666667}], "describe": {"bin": {"mean": 49.5, "max": 99.0, "min": 0.0}, "mean_ret": {"mean": 0.012951839464882941, "max": 1.4516666666666669, "min": -1.1516666666666666}, "vol": {"mean": 9.224896084490908, "max": 10.576323840327214, "min": 7.917442431039801}, "mean_mid": {"mean": 9214.885283333335, "max": 9548.441666666668, "min": 8951.563333333334}}, "evidence_type": "stat_test", "tags": ["intraday"], "confidence": "medium", "size": 5028, "raw_excerpt": ""}