{"card_id": "aaef8a33b902", "source_path": "ROUND_5/autoresearch/04_statistical_patterns/intraday/OXYGEN_SHAKE_EVENING_BREATH.csv", "phase_tag": "autoresearch/04_statistical_patterns/intraday", "ext": ".csv", "products_mentioned": ["OXYGEN_SHAKE_EVENING_BREATH"], "claim_summary": "CSV n=100 cols=4 sort_col=None", "columns": ["bin", "mean_ret", "vol", "mean_mid"], "n_rows": 100, "top_rows": [{"bin": 0, "mean_ret": -0.1672240802675585, "vol": 8.989486550571623, "mean_mid": 9277.633333333331}, {"bin": 1, "mean_ret": -0.0333333333333333, "vol": 9.915979244135327, "mean_mid": 9265.973333333332}, {"bin": 2, "mean_ret": 1.3, "vol": 11.338144103233368, "mean_mid": 9342.128333333334}], "describe": {"bin": {"mean": 49.5, "max": 99.0, "min": 0.0}, "mean_ret": {"mean": -0.019338907469342245, "max": 1.3, "min": -1.8433333333333333}, "vol": {"mean": 10.786121305818321, "max": 20.739398038327835, "min": 8.903358253088085}, "mean_mid": {"mean": 9271.895, "max": 9721.746666666666, "min": 8841.88}}, "evidence_type": "stat_test", "tags": ["intraday"], "confidence": "medium", "size": 5293, "raw_excerpt": ""}