{"card_id": "b3c214679372", "source_path": "ROUND_5/autoresearch/mr_study/01_fair_value_zoo/per_product/TRANSLATOR_ECLIPSE_CHARCOAL/ranking.csv", "phase_tag": "autoresearch/mr_study/01_fair_value_zoo", "ext": ".csv", "products_mentioned": ["TRANSLATOR_ECLIPSE_CHARCOAL"], "claim_summary": "CSV n=45 cols=11 sort_col=score", "columns": ["fv_id", "ic_abs", "half_life", "mean_abs_res", "res_to_spread", "adf_p", "z_ic", "z_hl", "z_res", "score", "product"], "n_rows": 45, "top_rows": [{"fv_id": "ewma_10", "ic_abs": 0.0116602647048972, "half_life": 9.382461158357971, "mean_abs_res": 21.46937214422155, "res_to_spread": 2.385485793802394, "adf_p": 1.0116702496383591e-30, "z_ic": 0.1569237102621709, "z_hl": 0.3834374112794202, "z_res": 0.7143155836142709, "score": 1.254676705155862, "product": "TRANSLATOR_ECLIPSE_CHARCOAL"}, {"fv_id": "markov_20", "ic_abs": 0.0059102619375819, "half_life": 0.1108500696973273, "mean_abs_res": 7.926375711457686, "res_to_spread": 0.8807084123841873, "adf_p": 0.0, "z_ic": -0.9849385754874216, "z_hl": 1.040918385821058, "z_res": 0.9895025201586, "score": 1.045482330492236, "product": "TRANSLATOR_ECLIPSE_CHARCOAL"}, {"fv_id": "ofi_lag1", "ic_abs": 0.0056933685648265, "half_life": 0.0793860854867104, "mean_abs_res": 7.911235843903778, "res_to_spread": 0.8790262048781976, "adf_p": 0.0, "z_ic": -1.0280102699544564, "z_hl": 1.049370975432553, "z_res": 0.9898101547203108, "score": 1.0111708601984075, "product": "TRANSLATOR_ECLIPSE_CHARCOAL"}], "evidence_type": "backtest", "tags": ["mean_reversion", "stat_test", "microstructure"], "confidence": "high", "size": 9484}