{"card_id": "b5440c9d622a", "source_path": "ROUND_5/autoresearch/04_statistical_patterns/intraday/SLEEP_POD_NYLON.csv", "phase_tag": "autoresearch/04_statistical_patterns/intraday", "ext": ".csv", "products_mentioned": ["SLEEP_POD_NYLON"], "claim_summary": "CSV n=100 cols=4 sort_col=None", "columns": ["bin", "mean_ret", "vol", "mean_mid"], "n_rows": 100, "top_rows": [{"bin": 0, "mean_ret": -0.1739130434782608, "vol": 8.707775689319316, "mean_mid": 9502.375}, {"bin": 1, "mean_ret": -0.6483333333333333, "vol": 9.743645415114086, "mean_mid": 9484.89}, {"bin": 2, "mean_ret": 0.3583333333333333, "vol": 9.449518960464044, "mean_mid": 9463.173333333334}], "describe": {"bin": {"mean": 49.5, "max": 99.0, "min": 0.0}, "mean_ret": {"mean": 0.02447753623188406, "max": 1.3216666666666668, "min": -1.3166666666666669}, "vol": {"mean": 9.612316698074407, "max": 10.60776032688953, "min": 8.565867001097462}, "mean_mid": {"mean": 9636.472566666665, "max": 9872.928333333331, "min": 9325.073333333334}}, "evidence_type": "stat_test", "tags": ["intraday", "basket"], "confidence": "medium", "size": 5096, "raw_excerpt": ""}