{"card_id": "b9a3c0ef5087", "source_path": "ROUND_5/autoresearch/mr_study/01_fair_value_zoo/per_product/GALAXY_SOUNDS_BLACK_HOLES/ranking.csv", "phase_tag": "autoresearch/mr_study/01_fair_value_zoo", "ext": ".csv", "products_mentioned": ["GALAXY_SOUNDS_BLACK_HOLES"], "claim_summary": "CSV n=45 cols=11 sort_col=score", "columns": ["fv_id", "ic_abs", "half_life", "mean_abs_res", "res_to_spread", "adf_p", "z_ic", "z_hl", "z_res", "score", "product"], "n_rows": 45, "top_rows": [{"fv_id": "kalman_mle", "ic_abs": 0.0146453936471701, "half_life": 0.1581274573692909, "mean_abs_res": 9.457526156724398, "res_to_spread": 0.6305558407506198, "adf_p": 0.0, "z_ic": 1.234724117048955, "z_hl": 1.084729043055894, "z_res": 0.8600711819874228, "score": 3.1795243420922716, "product": "GALAXY_SOUNDS_BLACK_HOLES"}, {"fv_id": "ar5_dx", "ic_abs": 0.0146438629124288, "half_life": 0.166360194382861, "mean_abs_res": 9.465449973284064, "res_to_spread": 0.631060616617402, "adf_p": 0.0, "z_ic": 1.2342719845487, "z_hl": 1.083693846195974, "z_res": 0.859983794476002, "score": 3.177949625220676, "product": "GALAXY_SOUNDS_BLACK_HOLES"}, {"fv_id": "ar1_dx", "ic_abs": 0.0144728636168864, "half_life": 0.1666403679879761, "mean_abs_res": 9.461844008351232, "res_to_spread": 0.6308261684054388, "adf_p": 0.0, "z_ic": 1.1837639919183405, "z_hl": 1.083658745436937, "z_res": 0.8600243824817859, "score": 3.127447119837063, "product": "GALAXY_SOUNDS_BLACK_HOLES"}], "evidence_type": "backtest", "tags": ["mean_reversion", "stat_test", "microstructure"], "confidence": "high", "size": 9171}