{"card_id": "b9a4bb1eb26c", "source_path": "ROUND_5/autoresearch/04_statistical_patterns/intraday/PANEL_1X2.csv", "phase_tag": "autoresearch/04_statistical_patterns/intraday", "ext": ".csv", "products_mentioned": ["PANEL_1X2"], "claim_summary": "CSV n=100 cols=4 sort_col=None", "columns": ["bin", "mean_ret", "vol", "mean_mid"], "n_rows": 100, "top_rows": [{"bin": 0, "mean_ret": -0.2558528428093645, "vol": 8.533132672891679, "mean_mid": 9095.891666666666}, {"bin": 1, "mean_ret": 0.7733333333333333, "vol": 9.631259492937042, "mean_mid": 9076.775}, {"bin": 2, "mean_ret": -1.1683333333333332, "vol": 9.377042549696482, "mean_mid": 9077.825}], "describe": {"bin": {"mean": 49.5, "max": 99.0, "min": 0.0}, "mean_ret": {"mean": -0.010141861761426996, "max": 1.2166666666666666, "min": -1.1683333333333332}, "vol": {"mean": 9.046520943561642, "max": 10.103855352121222, "min": 7.861031523338734}, "mean_mid": {"mean": 8922.729016666668, "max": 9112.396666666667, "min": 8579.521666666667}}, "evidence_type": "stat_test", "tags": ["intraday"], "confidence": "medium", "size": 4927, "raw_excerpt": ""}