{"card_id": "bbc3a5607ac1", "source_path": "ROUND_5/autoresearch/mr_study/01_fair_value_zoo/per_product/ROBOT_DISHES/ranking.csv", "phase_tag": "autoresearch/mr_study/01_fair_value_zoo", "ext": ".csv", "products_mentioned": ["ROBOT_DISHES"], "claim_summary": "CSV n=45 cols=11 sort_col=score", "columns": ["fv_id", "ic_abs", "half_life", "mean_abs_res", "res_to_spread", "adf_p", "z_ic", "z_hl", "z_res", "score", "product"], "n_rows": 45, "top_rows": [{"fv_id": "ewma_10", "ic_abs": 0.0766753356385175, "half_life": 6.276423356751397, "mean_abs_res": 24.926205372084752, "res_to_spread": 3.3150073761286727, "adf_p": 1.1316088679439355e-30, "z_ic": 0.7393960353293016, "z_hl": 0.9691431904900772, "z_res": 0.7139756646898422, "score": 2.422514890509221, "product": "ROBOT_DISHES"}, {"fv_id": "holt", "ic_abs": 0.0751410720532805, "half_life": 8.347108348451176, "mean_abs_res": 28.84676590698347, "res_to_spread": 3.838530698222785, "adf_p": 5.825399915823372e-29, "z_ic": 0.6888400666301867, "z_hl": 0.9364763777376278, "z_res": 0.6535230451989885, "score": 2.278839489566803, "product": "ROBOT_DISHES"}, {"fv_id": "median_50", "ic_abs": 0.0751609336849621, "half_life": 15.738397473389618, "mean_abs_res": 34.751407789528955, "res_to_spread": 4.652827982619691, "adf_p": 1.3124531389387586e-25, "z_ic": 0.6894945330721158, "z_hl": 0.8604746208754837, "z_res": 0.5594939889781995, "score": 2.109463142925799, "product": "ROBOT_DISHES"}], "evidence_type": "backtest", "tags": ["mean_reversion", "stat_test", "microstructure"], "confidence": "high", "size": 8514}