{"card_id": "bc82ce7544f6", "source_path": "ROUND_5/autoresearch/mr_study/01_fair_value_zoo/per_product/SLEEP_POD_NYLON/ranking.csv", "phase_tag": "autoresearch/mr_study/01_fair_value_zoo", "ext": ".csv", "products_mentioned": ["SLEEP_POD_NYLON"], "claim_summary": "CSV n=45 cols=11 sort_col=score", "columns": ["fv_id", "ic_abs", "half_life", "mean_abs_res", "res_to_spread", "adf_p", "z_ic", "z_hl", "z_res", "score", "product"], "n_rows": 45, "top_rows": [{"fv_id": "lattice_2", "ic_abs": 0.0155800346550834, "half_life": 0.1727658159453026, "mean_abs_res": 7.686325475047505, "res_to_spread": 0.9051691500052784, "adf_p": 0.0, "z_ic": 0.9541202715701106, "z_hl": 1.342680234163622, "z_res": 0.914360012304662, "score": 3.2111605180383944, "product": "SLEEP_POD_NYLON"}, {"fv_id": "lattice_5", "ic_abs": 0.0152952330977974, "half_life": 0.1747297934247256, "mean_abs_res": 7.738278350335033, "res_to_spread": 0.9112639139261148, "adf_p": 0.0, "z_ic": 0.8918265730242839, "z_hl": 1.3419606270643507, "z_res": 0.9134944934843132, "score": 3.147281693572948, "product": "SLEEP_POD_NYLON"}, {"fv_id": "microprice_raw", "ic_abs": 0.0151159561360827, "half_life": 0.1787032935947794, "mean_abs_res": 7.6772822626748685, "res_to_spread": 0.9041915528312844, "adf_p": 0.0, "z_ic": 0.8526139187267165, "z_hl": 1.3405083970221692, "z_res": 0.9144988411032507, "score": 3.1076211568521366, "product": "SLEEP_POD_NYLON"}], "evidence_type": "backtest", "tags": ["microstructure", "mean_reversion", "stat_test", "basket"], "confidence": "high", "size": 8942}