{"card_id": "bcc24aeee89c", "source_path": "ROUND_5/autoresearch/mr_study/01_fair_value_zoo/per_product/OXYGEN_SHAKE_MINT/ranking.csv", "phase_tag": "autoresearch/mr_study/01_fair_value_zoo", "ext": ".csv", "products_mentioned": ["OXYGEN_SHAKE_MINT"], "claim_summary": "CSV n=45 cols=11 sort_col=score", "columns": ["fv_id", "ic_abs", "half_life", "mean_abs_res", "res_to_spread", "adf_p", "z_ic", "z_hl", "z_res", "score", "product"], "n_rows": 45, "top_rows": [{"fv_id": "rangemid_500", "ic_abs": 0.0225537251351304, "half_life": 261.3889517755957, "mean_abs_res": 115.76590878087808, "res_to_spread": 9.33912637276548, "adf_p": 0.0178448950241463, "z_ic": 1.667061805456927, "z_hl": 0.5898845202992141, "z_res": -0.4756022724709112, "score": 1.78134405328523, "product": "OXYGEN_SHAKE_MINT"}, {"fv_id": "mean_500", "ic_abs": 0.021116028683457, "half_life": 273.9888226527157, "mean_abs_res": 113.67546754887488, "res_to_spread": 9.173968585483165, "adf_p": 0.0155554580313862, "z_ic": 1.406935060397857, "z_hl": 0.5835195286301769, "z_res": -0.4507979757673739, "score": 1.53965661326066, "product": "OXYGEN_SHAKE_MINT"}, {"fv_id": "ewma_200", "ic_abs": 0.0206119774643926, "half_life": 253.7359578446795, "mean_abs_res": 109.57392751325531, "res_to_spread": 8.86104340624336, "adf_p": 0.0150363208470196, "z_ic": 1.3157355566321791, "z_hl": 0.5939014983622373, "z_res": -0.4038011667183181, "score": 1.5058358882760985, "product": "OXYGEN_SHAKE_MINT"}], "evidence_type": "backtest", "tags": ["mean_reversion", "stat_test", "microstructure"], "confidence": "high", "size": 8756}