{"card_id": "bd084ca14b6f", "source_path": "ROUND_5/autoresearch/04_statistical_patterns/intraday/SLEEP_POD_POLYESTER.csv", "phase_tag": "autoresearch/04_statistical_patterns/intraday", "ext": ".csv", "products_mentioned": ["SLEEP_POD_POLYESTER"], "claim_summary": "CSV n=100 cols=4 sort_col=None", "columns": ["bin", "mean_ret", "vol", "mean_mid"], "n_rows": 100, "top_rows": [{"bin": 0, "mean_ret": -0.7240802675585284, "vol": 11.702547566113957, "mean_mid": 11514.94}, {"bin": 1, "mean_ret": 0.6866666666666666, "vol": 11.305657071940429, "mean_mid": 11523.768333333332}, {"bin": 2, "mean_ret": -0.55, "vol": 10.832913121084433, "mean_mid": 11516.001666666669}], "describe": {"bin": {"mean": 49.5, "max": 99.0, "min": 0.0}, "mean_ret": {"mean": 0.06562586399108136, "max": 1.7166666666666666, "min": -1.7333333333333334}, "vol": {"mean": 11.877367242484134, "max": 13.4825329835374, "min": 10.480181966303006}, "mean_mid": {"mean": 11840.56095, "max": 12353.775, "min": 11404.236666666666}}, "evidence_type": "stat_test", "tags": ["intraday", "basket"], "confidence": "medium", "size": 5295, "raw_excerpt": ""}