{"card_id": "bd23f08feaa8", "source_path": "ROUND_5/autoresearch/05_cross_product/groups/pebbles/price_corr.csv", "phase_tag": "autoresearch/05_cross_product/groups", "ext": ".csv", "products_mentioned": ["PEBBLES_L", "PEBBLES_M", "PEBBLES_S", "PEBBLES_XL", "PEBBLES_XS"], "claim_summary": "CSV n=5 cols=6 sort_col=None", "columns": ["Unnamed: 0", "PEBBLES_L", "PEBBLES_M", "PEBBLES_S", "PEBBLES_XL", "PEBBLES_XS"], "n_rows": 5, "top_rows": [{"Unnamed: 0": "PEBBLES_L", "PEBBLES_L": 1.0, "PEBBLES_M": 0.3353875673303678, "PEBBLES_S": -0.1360291108623217, "PEBBLES_XL": -0.197225242096416, "PEBBLES_XS": -0.2685514070883033}, {"Unnamed: 0": "PEBBLES_M", "PEBBLES_L": 0.3353875673303678, "PEBBLES_M": 1.0, "PEBBLES_S": -0.6157137748934277, "PEBBLES_XL": 0.3504702680300068, "PEBBLES_XS": -0.6940755442783505}, {"Unnamed: 0": "PEBBLES_S", "PEBBLES_L": -0.1360291108623217, "PEBBLES_M": -0.6157137748934277, "PEBBLES_S": 1.0, "PEBBLES_XL": -0.8343570524569902, "PEBBLES_XS": 0.7982724958895949}], "describe": {"PEBBLES_L": {"mean": 0.1467163614566654, "max": 1.0, "min": -0.2685514070883033}, "PEBBLES_M": {"mean": 0.0752137032377193, "max": 1.0, "min": -0.6940755442783505}, "PEBBLES_S": {"mean": 0.042434511535371054, "max": 1.0, "min": -0.8343570524569902}, "PEBBLES_XL": {"mean": -0.10173633679594304, "max": 1.0, "min": -0.8343570524569902}, "PEBBLES_XS": {"mean": 0.001615177413325064, "max": 1.0, "min": -0.8275696574563158}}, "evidence_type": "stat_test", "tags": ["basket"], "confidence": "medium", "size": 525, "raw_excerpt": ""}