{"card_id": "bdc6bd5fbc04", "source_path": "ROUND_5/autoresearch/04_statistical_patterns/intraday/PANEL_4X4.csv", "phase_tag": "autoresearch/04_statistical_patterns/intraday", "ext": ".csv", "products_mentioned": ["PANEL_4X4"], "claim_summary": "CSV n=100 cols=4 sort_col=None", "columns": ["bin", "mean_ret", "vol", "mean_mid"], "n_rows": 100, "top_rows": [{"bin": 0, "mean_ret": 0.9899665551839464, "vol": 9.82915637781538, "mean_mid": 9995.215}, {"bin": 1, "mean_ret": -0.265, "vol": 10.91080935905148, "mean_mid": 10037.226666666667}, {"bin": 2, "mean_ret": 0.1983333333333333, "vol": 10.424910539411744, "mean_mid": 10063.805}], "describe": {"bin": {"mean": 49.5, "max": 99.0, "min": 0.0}, "mean_ret": {"mean": -0.029017001114827207, "max": 1.5566666666666666, "min": -1.505}, "vol": {"mean": 9.947444409049004, "max": 11.1161015920257, "min": 8.951289432099317}, "mean_mid": {"mean": 9878.719266666667, "max": 10328.413333333334, "min": 9488.713333333331}}, "evidence_type": "stat_test", "tags": ["intraday"], "confidence": "medium", "size": 5197, "raw_excerpt": ""}