{"card_id": "c03b27eafbe6", "source_path": "ROUND_5/autoresearch/05_cross_product/groups/pebbles/ret_corr.csv", "phase_tag": "autoresearch/05_cross_product/groups", "ext": ".csv", "products_mentioned": ["PEBBLES_L", "PEBBLES_M", "PEBBLES_S", "PEBBLES_XL", "PEBBLES_XS"], "claim_summary": "CSV n=5 cols=6 sort_col=None", "columns": ["Unnamed: 0", "PEBBLES_L", "PEBBLES_M", "PEBBLES_S", "PEBBLES_XL", "PEBBLES_XS"], "n_rows": 5, "top_rows": [{"Unnamed: 0": "PEBBLES_L", "PEBBLES_L": 1.0, "PEBBLES_M": 0.0108308906808336, "PEBBLES_S": 0.006598494848502, "PEBBLES_XL": -0.5000250243991764, "PEBBLES_XS": 0.0050066244827078}, {"Unnamed: 0": "PEBBLES_M", "PEBBLES_L": 0.0108308906808336, "PEBBLES_M": 1.0, "PEBBLES_S": 0.0125862819033202, "PEBBLES_XL": -0.511539238496931, "PEBBLES_XS": 0.0145986241791605}, {"Unnamed: 0": "PEBBLES_S", "PEBBLES_L": 0.006598494848502, "PEBBLES_M": 0.0125862819033202, "PEBBLES_S": 1.0, "PEBBLES_XL": -0.4956258053732605, "PEBBLES_XS": -0.0065832111481646}], "describe": {"PEBBLES_L": {"mean": 0.10448219712257342, "max": 1.0, "min": -0.5000250243991764}, "PEBBLES_M": {"mean": 0.10529531165327669, "max": 1.0, "min": -0.511539238496931}, "PEBBLES_S": {"mean": 0.10339515204607944, "max": 1.0, "min": -0.4956258053732605}, "PEBBLES_XL": {"mean": -0.2008958012329336, "max": 1.0, "min": -0.511539238496931}, "PEBBLES_XS": {"mean": 0.10314661992368071, "max": 1.0, "min": -0.4972889378953001}}, "evidence_type": "stat_test", "tags": ["basket"], "confidence": "medium", "size": 539, "raw_excerpt": ""}