{"card_id": "c369e88a6ae6", "source_path": "ROUND_5/autoresearch/04_statistical_patterns/intraday/GALAXY_SOUNDS_DARK_MATTER.csv", "phase_tag": "autoresearch/04_statistical_patterns/intraday", "ext": ".csv", "products_mentioned": ["GALAXY_SOUNDS_DARK_MATTER"], "claim_summary": "CSV n=100 cols=4 sort_col=None", "columns": ["bin", "mean_ret", "vol", "mean_mid"], "n_rows": 100, "top_rows": [{"bin": 0, "mean_ret": -0.342809364548495, "vol": 10.230007846397854, "mean_mid": 10385.051666666666}, {"bin": 1, "mean_ret": 0.4816666666666667, "vol": 9.9266792243748, "mean_mid": 10410.418333333331}, {"bin": 2, "mean_ret": -0.5266666666666666, "vol": 10.86613386195424, "mean_mid": 10425.74}], "describe": {"bin": {"mean": 49.5, "max": 99.0, "min": 0.0}, "mean_ret": {"mean": 0.008805239687848385, "max": 1.528333333333333, "min": -1.2083333333333333}, "vol": {"mean": 10.23564935189625, "max": 11.07101468794689, "min": 9.283388474084129}, "mean_mid": {"mean": 10226.661816666667, "max": 10545.435, "min": 9915.706666666669}}, "evidence_type": "stat_test", "tags": ["intraday"], "confidence": "medium", "size": 5306, "raw_excerpt": ""}