{"card_id": "c7bf05f1a1c0", "source_path": "ROUND_5/autoresearch/mr_study/01_fair_value_zoo/per_product/GALAXY_SOUNDS_SOLAR_FLAMES/ranking.csv", "phase_tag": "autoresearch/mr_study/01_fair_value_zoo", "ext": ".csv", "products_mentioned": ["GALAXY_SOUNDS_SOLAR_FLAMES"], "claim_summary": "CSV n=45 cols=11 sort_col=score", "columns": ["fv_id", "ic_abs", "half_life", "mean_abs_res", "res_to_spread", "adf_p", "z_ic", "z_hl", "z_res", "score", "product"], "n_rows": 45, "top_rows": [{"fv_id": "median_100", "ic_abs": 0.0161929866632607, "half_life": 46.2985057553727, "mean_abs_res": 50.6039452870287, "res_to_spread": 3.61456752050205, "adf_p": 8.746556005131421e-17, "z_ic": 1.6529751291553756, "z_hl": 0.5211172377625862, "z_res": 0.3058038154386501, "score": 2.4798961823566117, "product": "GALAXY_SOUNDS_SOLAR_FLAMES"}, {"fv_id": "mean_100", "ic_abs": 0.015314521119453, "half_life": 43.38273150784168, "mean_abs_res": 50.01506371424643, "res_to_spread": 3.572504551017602, "adf_p": 1.1267212886997077e-13, "z_ic": 1.389006009832105, "z_hl": 0.5303691231677399, "z_res": 0.3138229483837901, "score": 2.233198081383635, "product": "GALAXY_SOUNDS_SOLAR_FLAMES"}, {"fv_id": "microprice_ewma25", "ic_abs": 0.0144233424910771, "half_life": 23.733840623791657, "mean_abs_res": 37.25092027406133, "res_to_spread": 2.6607800195758093, "adf_p": 2.808081308970311e-21, "z_ic": 1.1212167500821346, "z_hl": 0.6153844350965559, "z_res": 0.4876394981088501, "score": 2.2242406832875408, "product": "GALAXY_SOUNDS_SOLAR_FLAMES"}], "evidence_type": "backtest", "tags": ["mean_reversion", "stat_test", "microstructure"], "confidence": "high", "size": 9242}