{"card_id": "c89f87e22d76", "source_path": "ROUND_5/autoresearch/04_statistical_patterns/intraday/PEBBLES_XS.csv", "phase_tag": "autoresearch/04_statistical_patterns/intraday", "ext": ".csv", "products_mentioned": ["PEBBLES_XS"], "claim_summary": "CSV n=100 cols=4 sort_col=None", "columns": ["bin", "mean_ret", "vol", "mean_mid"], "n_rows": 100, "top_rows": [{"bin": 0, "mean_ret": -0.5769230769230769, "vol": 14.80995162081367, "mean_mid": 8250.896666666667}, {"bin": 1, "mean_ret": 0.6166666666666667, "vol": 15.681339342270704, "mean_mid": 8272.595}, {"bin": 2, "mean_ret": -0.6916666666666667, "vol": 15.073979126669231, "mean_mid": 8308.121666666666}], "describe": {"bin": {"mean": 49.5, "max": 99.0, "min": 0.0}, "mean_ret": {"mean": -0.1320858974358974, "max": 1.96, "min": -2.203333333333333}, "vol": {"mean": 15.042505972534302, "max": 16.487140693574535, "min": 13.497418205578295}, "mean_mid": {"mean": 7404.639766666667, "max": 8512.933333333332, "min": 6703.13}}, "evidence_type": "stat_test", "tags": ["intraday", "basket"], "confidence": "medium", "size": 5157, "raw_excerpt": ""}