{"card_id": "c913b212f980", "source_path": "ROUND_5/autoresearch/mr_study/01_fair_value_zoo/per_product/SLEEP_POD_POLYESTER/ranking.csv", "phase_tag": "autoresearch/mr_study/01_fair_value_zoo", "ext": ".csv", "products_mentioned": ["SLEEP_POD_POLYESTER"], "claim_summary": "CSV n=45 cols=11 sort_col=score", "columns": ["fv_id", "ic_abs", "half_life", "mean_abs_res", "res_to_spread", "adf_p", "z_ic", "z_hl", "z_res", "score", "product"], "n_rows": 45, "top_rows": [{"fv_id": "rangemid_500", "ic_abs": 0.0171140971964761, "half_life": 156.18029853621812, "mean_abs_res": 111.3777830320532, "res_to_spread": 10.125253002913928, "adf_p": 0.0006471913820105, "z_ic": 1.753255065166001, "z_hl": 0.329137608986742, "z_res": -0.5575983245682479, "score": 1.5247943495844951, "product": "SLEEP_POD_POLYESTER"}, {"fv_id": "rangemid_200", "ic_abs": 0.0133696613162785, "half_life": 75.10823801265116, "mean_abs_res": 77.4471107710771, "res_to_spread": 7.040646433734283, "adf_p": 5.209176256845784e-08, "z_ic": 0.9627765722665792, "z_hl": 0.4341841469564353, "z_res": -0.0540362818991205, "score": 1.342924437323894, "product": "SLEEP_POD_POLYESTER"}, {"fv_id": "microprice_ewma100", "ic_abs": 0.0129349310208468, "half_life": 81.21117573734871, "mean_abs_res": 77.82703057543797, "res_to_spread": 7.075184597767088, "adf_p": 9.21621263658136e-08, "z_ic": 0.8710017469670145, "z_hl": 0.4230116103367066, "z_res": -0.0596746374042202, "score": 1.2343387198995008, "product": "SLEEP_POD_POLYESTER"}], "evidence_type": "backtest", "tags": ["microstructure", "mean_reversion", "stat_test", "basket"], "confidence": "high", "size": 8931}