{"card_id": "cd1d2e81759d", "source_path": "ROUND_5/autoresearch/mr_study/01_fair_value_zoo/per_product/UV_VISOR_YELLOW/ranking.csv", "phase_tag": "autoresearch/mr_study/01_fair_value_zoo", "ext": ".csv", "products_mentioned": ["UV_VISOR_YELLOW"], "claim_summary": "CSV n=45 cols=11 sort_col=score", "columns": ["fv_id", "ic_abs", "half_life", "mean_abs_res", "res_to_spread", "adf_p", "z_ic", "z_hl", "z_res", "score", "product"], "n_rows": 45, "top_rows": [{"fv_id": "ar2_dx", "ic_abs": 0.0090261497828799, "half_life": 0.1436026047865692, "mean_abs_res": 8.884102097744908, "res_to_spread": 0.6361274341037595, "adf_p": 0.0, "z_ic": 0.7218318499213598, "z_hl": 1.335566134910169, "z_res": 0.8577590412284525, "score": 2.9151570260599815, "product": "UV_VISOR_YELLOW"}, {"fv_id": "kalman_mle", "ic_abs": 0.0089799055195758, "half_life": 0.1279811189209001, "mean_abs_res": 8.877978590294273, "res_to_spread": 0.6356824563968397, "adf_p": 0.0, "z_ic": 0.7046660213624995, "z_hl": 1.3413427054337448, "z_res": 0.8578374602634449, "score": 2.903846187059689, "product": "UV_VISOR_YELLOW"}, {"fv_id": "lattice_2", "ic_abs": 0.0088916119914828, "half_life": 0.1248501541698338, "mean_abs_res": 8.88970299779978, "res_to_spread": 0.6365440767538293, "adf_p": 0.0, "z_ic": 0.6718915438854725, "z_hl": 1.3425101047460717, "z_res": 0.8576856157196077, "score": 2.872087264351152, "product": "UV_VISOR_YELLOW"}], "evidence_type": "backtest", "tags": ["mean_reversion", "stat_test", "microstructure"], "confidence": "high", "size": 8951}