{"card_id": "cf03fe0ce4c1", "source_path": "ROUND_5/autoresearch/mr_study/01_fair_value_zoo/per_product/TRANSLATOR_GRAPHITE_MIST/ranking.csv", "phase_tag": "autoresearch/mr_study/01_fair_value_zoo", "ext": ".csv", "products_mentioned": ["TRANSLATOR_GRAPHITE_MIST"], "claim_summary": "CSV n=45 cols=11 sort_col=score", "columns": ["fv_id", "ic_abs", "half_life", "mean_abs_res", "res_to_spread", "adf_p", "z_ic", "z_hl", "z_res", "score", "product"], "n_rows": 45, "top_rows": [{"fv_id": "ofi_lag1", "ic_abs": 0.0096777108411937, "half_life": 0.149942464332793, "mean_abs_res": 8.197472460867083, "res_to_spread": 0.910830273429676, "adf_p": 0.0, "z_ic": 0.7549525923736111, "z_hl": 1.3377159216220056, "z_res": 0.8441681986043567, "score": 2.9368367125999733, "product": "TRANSLATOR_GRAPHITE_MIST"}, {"fv_id": "ar5_dx", "ic_abs": 0.0096570480956642, "half_life": 0.1515831884008465, "mean_abs_res": 8.2059451445011, "res_to_spread": 0.9117716827223444, "adf_p": 0.0, "z_ic": 0.7458965861795405, "z_hl": 1.3371135778507013, "z_res": 0.8440528808470769, "score": 2.9270630448773183, "product": "TRANSLATOR_GRAPHITE_MIST"}, {"fv_id": "kalman_mle", "ic_abs": 0.0096600359105588, "half_life": 0.1587127999146647, "mean_abs_res": 8.198089980341239, "res_to_spread": 0.9108988867045822, "adf_p": 0.0, "z_ic": 0.7472060767384957, "z_hl": 1.3345060783011824, "z_res": 0.8441597938339307, "score": 2.925871948873609, "product": "TRANSLATOR_GRAPHITE_MIST"}], "evidence_type": "backtest", "tags": ["mean_reversion", "stat_test", "microstructure", "ar1"], "confidence": "high", "size": 9353}