{"card_id": "d07f67d9b700", "source_path": "ROUND_5/autoresearch/04_statistical_patterns/intraday/GALAXY_SOUNDS_PLANETARY_RINGS.csv", "phase_tag": "autoresearch/04_statistical_patterns/intraday", "ext": ".csv", "products_mentioned": ["GALAXY_SOUNDS_PLANETARY_RINGS"], "claim_summary": "CSV n=100 cols=4 sort_col=None", "columns": ["bin", "mean_ret", "vol", "mean_mid"], "n_rows": 100, "top_rows": [{"bin": 0, "mean_ret": 0.0585284280936454, "vol": 10.791686110259924, "mean_mid": 10907.16}, {"bin": 1, "mean_ret": 1.4683333333333333, "vol": 11.126958009148174, "mean_mid": 10978.32}, {"bin": 2, "mean_ret": -0.1966666666666666, "vol": 10.822124722093964, "mean_mid": 11037.533333333333}], "describe": {"bin": {"mean": 49.5, "max": 99.0, "min": 0.0}, "mean_ret": {"mean": -0.011714715719063544, "max": 1.5516666666666667, "min": -1.856666666666667}, "vol": {"mean": 10.865513175471643, "max": 12.385314581383131, "min": 9.56995367689554}, "mean_mid": {"mean": 10766.673183333334, "max": 11107.635, "min": 10496.85}}, "evidence_type": "stat_test", "tags": ["intraday"], "confidence": "medium", "size": 5228, "raw_excerpt": ""}