{"card_id": "d2658a99dda6", "source_path": "ROUND_5/autoresearch/05_cross_product/groups/uv_visor/ret_corr.csv", "phase_tag": "autoresearch/05_cross_product/groups", "ext": ".csv", "products_mentioned": ["UV_VISOR_AMBER", "UV_VISOR_MAGENTA", "UV_VISOR_ORANGE", "UV_VISOR_RED", "UV_VISOR_YELLOW"], "claim_summary": "CSV n=5 cols=6 sort_col=None", "columns": ["Unnamed: 0", "UV_VISOR_AMBER", "UV_VISOR_MAGENTA", "UV_VISOR_ORANGE", "UV_VISOR_RED", "UV_VISOR_YELLOW"], "n_rows": 5, "top_rows": [{"Unnamed: 0": "UV_VISOR_AMBER", "UV_VISOR_AMBER": 1.0, "UV_VISOR_MAGENTA": 0.0061298496859452, "UV_VISOR_ORANGE": 0.0044983855411537, "UV_VISOR_RED": -0.000700618947348, "UV_VISOR_YELLOW": -0.0028163029695584}, {"Unnamed: 0": "UV_VISOR_MAGENTA", "UV_VISOR_AMBER": 0.0061298496859452, "UV_VISOR_MAGENTA": 1.0, "UV_VISOR_ORANGE": 0.0064180786452539, "UV_VISOR_RED": 0.0045019577503002, "UV_VISOR_YELLOW": 0.009606240978667}, {"Unnamed: 0": "UV_VISOR_ORANGE", "UV_VISOR_AMBER": 0.0044983855411537, "UV_VISOR_MAGENTA": 0.0064180786452539, "UV_VISOR_ORANGE": 1.0, "UV_VISOR_RED": 0.019970108080129, "UV_VISOR_YELLOW": 0.0049219839381588}], "describe": {"UV_VISOR_AMBER": {"mean": 0.2014222626620385, "max": 1.0, "min": -0.0028163029695584}, "UV_VISOR_MAGENTA": {"mean": 0.20533122541203327, "max": 1.0, "min": 0.0045019577503002}, "UV_VISOR_ORANGE": {"mean": 0.2071617112409391, "max": 1.0, "min": 0.0044983855411537}, "UV_VISOR_RED": {"mean": 0.2062306510440189, "max": 1.0, "min": -0.000700618947348}, "UV_VISOR_YELLOW": {"mean": 0.20381874605685607, "max": 1.0, "min": -0.0028163029695584}}, "evidence_type": "stat_test", "tags": [], "confidence": "medium", "size": 603, "raw_excerpt": ""}