{"card_id": "d2896c49125a", "source_path": "ROUND_5/autoresearch/mr_study/01_fair_value_zoo/per_product/PEBBLES_S/ranking.csv", "phase_tag": "autoresearch/mr_study/01_fair_value_zoo", "ext": ".csv", "products_mentioned": ["PEBBLES_S"], "claim_summary": "CSV n=45 cols=11 sort_col=score", "columns": ["fv_id", "ic_abs", "half_life", "mean_abs_res", "res_to_spread", "adf_p", "z_ic", "z_hl", "z_res", "score", "product"], "n_rows": 45, "top_rows": [{"fv_id": "ewma_25", "ic_abs": 0.0174825503912073, "half_life": 25.38012335377669, "mean_abs_res": 52.67797346269128, "res_to_spread": 4.602965798154969, "adf_p": 3.7754061949385823e-20, "z_ic": 1.2581455231535106, "z_hl": 0.0127090833421737, "z_res": 0.4824840011051773, "score": 1.7533386076008617, "product": "PEBBLES_S"}, {"fv_id": "microprice_ewma25", "ic_abs": 0.0174799844513447, "half_life": 25.381081563871877, "mean_abs_res": 52.67784828717282, "res_to_spread": 4.602954954403053, "adf_p": 3.7791276493690017e-20, "z_ic": 1.257535327078205, "z_hl": 0.0126934967067361, "z_res": 0.4824855089438695, "score": 1.7527143327288108, "product": "PEBBLES_S"}, {"fv_id": "ewma_10", "ic_abs": 0.0142077143327783, "half_life": 10.28438623246636, "mean_abs_res": 34.085899943905105, "res_to_spread": 2.973469285508217, "adf_p": 5.199274187036176e-30, "z_ic": 0.4793696292988686, "z_hl": 0.3771118172783217, "z_res": 0.7090677434797028, "score": 1.5655491900568932, "product": "PEBBLES_S"}], "evidence_type": "backtest", "tags": ["microstructure", "mean_reversion", "stat_test", "basket"], "confidence": "high", "size": 8678}