{"card_id": "d30edb74a120", "source_path": "ROUND_5/autoresearch/08_signals/signals_surviving.csv", "phase_tag": "autoresearch/08_signals/signals_surviving.csv", "ext": ".csv", "products_mentioned": [], "claim_summary": "CSV n=9 cols=5 sort_col=None", "columns": ["signal", "min_sharpe", "max_sharpe", "mean_sharpe", "sum_pnl"], "n_rows": 9, "top_rows": [{"signal": "pebbles_basket_residual", "min_sharpe": 16.61752616734503, "max_sharpe": 17.175006323198875, "mean_sharpe": 16.896266245271953, "sum_pnl": 9216.5}, {"signal": "ar1_OXYGEN_SHAKE_EVENING_BREATH", "min_sharpe": 7.566886106287315, "max_sharpe": 9.330679992271437, "mean_sharpe": 8.448783049279374, "sum_pnl": 13653.0}, {"signal": "ar1_ROBOT_IRONING", "min_sharpe": 7.346017717157063, "max_sharpe": 11.22045246267653, "mean_sharpe": 9.283235089916795, "sum_pnl": 13119.5}], "describe": {"min_sharpe": {"mean": 4.255402507220321, "max": 16.61752616734503, "min": 0.6448505612689568}, "max_sharpe": {"mean": 5.33241993128159, "max": 17.175006323198875, "min": 1.0681107684679558}, "mean_sharpe": {"mean": 4.793911219250955, "max": 16.896266245271953, "min": 0.8874328160647036}, "sum_pnl": {"mean": 5286.7276976629555, "max": 13653.0, "min": 1041.5}}, "evidence_type": "backtest", "tags": ["backtest"], "confidence": "medium", "size": 1008, "raw_excerpt": ""}