{"card_id": "d4d9d51efddb", "source_path": "ROUND_5/autoresearch/mr_study/01_fair_value_zoo/per_product/PEBBLES_M/ranking.csv", "phase_tag": "autoresearch/mr_study/01_fair_value_zoo", "ext": ".csv", "products_mentioned": ["PEBBLES_M"], "claim_summary": "CSV n=45 cols=11 sort_col=score", "columns": ["fv_id", "ic_abs", "half_life", "mean_abs_res", "res_to_spread", "adf_p", "z_ic", "z_hl", "z_res", "score", "product"], "n_rows": 45, "top_rows": [{"fv_id": "quad_2000", "ic_abs": 0.0176889584052283, "half_life": 162.78555650079943, "mean_abs_res": 131.18407445159568, "res_to_spread": 9.685398028023531, "adf_p": 0.0005004662609884, "z_ic": 1.7880238441316203, "z_hl": 0.3270757849128365, "z_res": -0.3649701045833925, "score": 1.7501295244610646, "product": "PEBBLES_M"}, {"fv_id": "rangemid_200", "ic_abs": 0.0148037196716112, "half_life": 69.94151807526544, "mean_abs_res": 91.74803691619162, "res_to_spread": 6.804139312695006, "adf_p": 2.5740640576101974e-09, "z_ic": 1.2211222217615856, "z_hl": 0.4483206571863247, "z_res": 0.0481932608102432, "score": 1.7176361397581537, "product": "PEBBLES_M"}, {"fv_id": "ewma_100", "ic_abs": 0.0148878522405596, "half_life": 80.50251383415943, "mean_abs_res": 94.62729497779787, "res_to_spread": 7.0172689993365704, "adf_p": 1.2143656441087938e-08, "z_ic": 1.237652878055402, "z_hl": 0.4282106061046745, "z_res": 0.0176311394257082, "score": 1.6834946235857848, "product": "PEBBLES_M"}], "evidence_type": "backtest", "tags": ["microstructure", "mean_reversion", "stat_test", "basket"], "confidence": "high", "size": 8523}