{"card_id": "d6d241c04b9a", "source_path": "ROUND_5/autoresearch/04_statistical_patterns/intraday/ROBOT_IRONING.csv", "phase_tag": "autoresearch/04_statistical_patterns/intraday", "ext": ".csv", "products_mentioned": ["ROBOT_IRONING"], "claim_summary": "CSV n=100 cols=4 sort_col=None", "columns": ["bin", "mean_ret", "vol", "mean_mid"], "n_rows": 100, "top_rows": [{"bin": 0, "mean_ret": 0.903010033444816, "vol": 11.62511272817825, "mean_mid": 9055.865}, {"bin": 1, "mean_ret": -0.1333333333333333, "vol": 9.585762621670687, "mean_mid": 9064.091666666667}, {"bin": 2, "mean_ret": 0.5333333333333333, "vol": 8.827341734399724, "mean_mid": 9110.88}], "describe": {"bin": {"mean": 49.5, "max": 99.0, "min": 0.0}, "mean_ret": {"mean": -0.07230323299888519, "max": 1.2666666666666666, "min": -0.9666666666666668}, "vol": {"mean": 10.210726734033376, "max": 23.660505914577975, "min": 8.715207943493247}, "mean_mid": {"mean": 8701.570266666666, "max": 9180.181666666667, "min": 8188.928333333333}}, "evidence_type": "stat_test", "tags": ["intraday"], "confidence": "medium", "size": 5204, "raw_excerpt": ""}