{"card_id": "d79d73c02de9", "source_path": "ROUND_5/autoresearch/mr_study/01_fair_value_zoo/per_product/PEBBLES_L/ranking.csv", "phase_tag": "autoresearch/mr_study/01_fair_value_zoo", "ext": ".csv", "products_mentioned": ["PEBBLES_L"], "claim_summary": "CSV n=45 cols=11 sort_col=score", "columns": ["fv_id", "ic_abs", "half_life", "mean_abs_res", "res_to_spread", "adf_p", "z_ic", "z_hl", "z_res", "score", "product"], "n_rows": 45, "top_rows": [{"fv_id": "median_100", "ic_abs": 0.0169892511168913, "half_life": 43.77285216933845, "mean_abs_res": 66.32045950720072, "res_to_spread": 4.924540445569281, "adf_p": 1.6199713053475608e-15, "z_ic": 1.6048463452492676, "z_hl": -0.2398407596833644, "z_res": 0.2897718608170124, "score": 1.6547774463829157, "product": "PEBBLES_L"}, {"fv_id": "markov_20", "ic_abs": 0.0089824242751834, "half_life": 0.1376655681660364, "mean_abs_res": 12.001268478536044, "res_to_spread": 0.890435460193127, "adf_p": 0.0, "z_ic": -0.6938935875279502, "z_hl": 1.33859770855523, "z_res": 0.8507963793641327, "score": 1.4955005003914126, "product": "PEBBLES_L"}, {"fv_id": "markov_10", "ic_abs": 0.0086968679263784, "half_life": 0.1349728938386839, "mean_abs_res": 11.993394324315537, "res_to_spread": 0.8898405795975552, "adf_p": 0.0, "z_ic": -0.775876100080452, "z_hl": 1.339616147308747, "z_res": 0.8508791096353907, "score": 1.4146191568636852, "product": "PEBBLES_L"}], "evidence_type": "backtest", "tags": ["microstructure", "mean_reversion", "stat_test", "basket"], "confidence": "high", "size": 8677}