{"card_id": "da6f53ef3ec3", "source_path": "ROUND_5/autoresearch/05_cross_product/groups/robot/engle_granger.csv", "phase_tag": "autoresearch/05_cross_product/groups", "ext": ".csv", "products_mentioned": [], "claim_summary": "CSV n=10 cols=10 sort_col=None", "columns": ["a", "b", "slope", "intercept", "adf_p", "ou_hl", "wf1_sharpe", "wf1_pnl", "wf2_sharpe", "wf2_pnl"], "n_rows": 10, "top_rows": [{"a": "ROBOT_DISHES", "b": "ROBOT_IRONING", "slope": -0.4681060979408704, "intercept": 14091.573003487632, "adf_p": 0.2630661333319039, "ou_hl": 750.1254909610316, "wf1_sharpe": 1.8916959704567529, "wf1_pnl": 1241.200793043825, "wf2_sharpe": 0.5841750977450269, "wf2_pnl": 671.9136341235499}, {"a": "ROBOT_DISHES", "b": "ROBOT_LAUNDRY", "slope": -0.6553976050146993, "intercept": 16456.12939281012, "adf_p": 0.1588201965936168, "ou_hl": 608.5408120237761, "wf1_sharpe": 1.3519242387910044, "wf1_pnl": 1084.8476695669397, "wf2_sharpe": 0.4684614187886339, "wf2_pnl": 561.383406539393}, {"a": "ROBOT_DISHES", "b": "ROBOT_MOPPING", "slope": 0.3186341359060448, "intercept": 6481.408048023989, "adf_p": 0.6006015162253464, "ou_hl": 1162.6626063397282, "wf1_sharpe": 1.3550471922914449, "wf1_pnl": 1048.838813062088, "wf2_sharpe": 0.164267279527784, "wf2_pnl": 366.3270189429559}], "describe": {"slope": {"mean": -0.10773478468682893, "max": 1.1296819849606077, "min": -1.126531208620965}, "intercept": {"mean": 10847.740152067121, "max": 21426.872235689225, "min": -1653.9711959381573}, "adf_p": {"mean": 0.17220870654912307, "max": 0.6006015162253464, "min": 0.0255729326373071}, "ou_hl": {"mean": 1203.437730644549, "max": 1836.334809053524, "min": 608.5408120237761}, "wf1_sharpe": {"mean": 1.1633517418300277, "max": 1.8916959704567529, "min": 0.1663684777363086}, "wf1_pnl": {"mean": 716.5929578496338, "max": 1311.7948873405458, "min": 0.0}}, "evidence_type": "backtest", "tags": ["mean_reversion", "stat_test", "backtest", "cointegration"], "confidence": "medium", "size": 1703, "raw_excerpt": ""}