{"card_id": "dfd1c0920a30", "source_path": "ROUND_5/autoresearch/mr_study/01_fair_value_zoo/per_product/PANEL_1X2/ranking.csv", "phase_tag": "autoresearch/mr_study/01_fair_value_zoo", "ext": ".csv", "products_mentioned": ["PANEL_1X2"], "claim_summary": "CSV n=45 cols=11 sort_col=score", "columns": ["fv_id", "ic_abs", "half_life", "mean_abs_res", "res_to_spread", "adf_p", "z_ic", "z_hl", "z_res", "score", "product"], "n_rows": 45, "top_rows": [{"fv_id": "quad_500", "ic_abs": 0.0157942805737574, "half_life": 49.31829020253837, "mean_abs_res": 42.45283936683282, "res_to_spread": 3.688268246694234, "adf_p": 8.81842401503428e-14, "z_ic": 3.1493263509666987, "z_hl": 0.5685476027277092, "z_res": 0.3147626662681502, "score": 4.032636619962558, "product": "PANEL_1X2"}, {"fv_id": "linreg_200", "ic_abs": 0.0093863140004317, "half_life": 34.429859418630556, "mean_abs_res": 35.65098873403785, "res_to_spread": 3.0944084194289196, "adf_p": 9.06875805243072e-20, "z_ic": 1.2883944193165058, "z_hl": 0.6182769192457691, "z_res": 0.4190407732121072, "score": 2.325712111774382, "product": "PANEL_1X2"}, {"fv_id": "holt", "ic_abs": 0.0082106629847731, "half_life": 13.0404902649444, "mean_abs_res": 22.229790582970185, "res_to_spread": 1.9311052781040088, "adf_p": 6.897293489062445e-28, "z_ic": 0.946974642780327, "z_hl": 0.7494859819881933, "z_res": 0.6233095986316198, "score": 2.31977022340014, "product": "PANEL_1X2"}], "evidence_type": "backtest", "tags": ["mean_reversion", "stat_test", "microstructure"], "confidence": "high", "size": 8499}