{"card_id": "e48e4b40e176", "source_path": "ROUND_5/autoresearch/mr_study/01_fair_value_zoo/per_product/TRANSLATOR_ASTRO_BLACK/ranking.csv", "phase_tag": "autoresearch/mr_study/01_fair_value_zoo", "ext": ".csv", "products_mentioned": ["TRANSLATOR_ASTRO_BLACK"], "claim_summary": "CSV n=45 cols=11 sort_col=score", "columns": ["fv_id", "ic_abs", "half_life", "mean_abs_res", "res_to_spread", "adf_p", "z_ic", "z_hl", "z_res", "score", "product"], "n_rows": 45, "top_rows": [{"fv_id": "median_50", "ic_abs": 0.0101483822026651, "half_life": 24.93295585224429, "mean_abs_res": 31.119806149364937, "res_to_spread": 3.889975768670617, "adf_p": 2.3805892577878453e-25, "z_ic": 1.9257119314669264, "z_hl": 0.6122973348137263, "z_res": 0.5052913081377115, "score": 3.043300574418364, "product": "TRANSLATOR_ASTRO_BLACK"}, {"fv_id": "ar5_dx", "ic_abs": 0.0074020994236506, "half_life": 0.1594659340792382, "mean_abs_res": 7.270202040266222, "res_to_spread": 0.9087752550332776, "adf_p": 0.0, "z_ic": 0.6270403436571843, "z_hl": 1.0649066862719556, "z_res": 0.8935187809532881, "score": 2.585465810882428, "product": "TRANSLATOR_ASTRO_BLACK"}, {"fv_id": "ar3_dx", "ic_abs": 0.0073401170323776, "half_life": 0.1583251164923417, "mean_abs_res": 7.269927002185195, "res_to_spread": 0.9087408752731494, "adf_p": 0.0, "z_ic": 0.5977298986054415, "z_hl": 1.06505006233244, "z_res": 0.8935232580648844, "score": 2.556303219002766, "product": "TRANSLATOR_ASTRO_BLACK"}], "evidence_type": "backtest", "tags": ["mean_reversion", "stat_test", "microstructure"], "confidence": "high", "size": 9098}