{"card_id": "e4a9521c3b22", "source_path": "ROUND_5/autoresearch/04_statistical_patterns/intraday/ROBOT_LAUNDRY.csv", "phase_tag": "autoresearch/04_statistical_patterns/intraday", "ext": ".csv", "products_mentioned": ["ROBOT_LAUNDRY"], "claim_summary": "CSV n=100 cols=4 sort_col=None", "columns": ["bin", "mean_ret", "vol", "mean_mid"], "n_rows": 100, "top_rows": [{"bin": 0, "mean_ret": 0.6387959866220736, "vol": 10.355426869983733, "mean_mid": 9920.823333333334}, {"bin": 1, "mean_ret": -0.1, "vol": 10.039887006519493, "mean_mid": 9957.188333333334}, {"bin": 2, "mean_ret": -1.1366666666666667, "vol": 9.80015982851489, "mean_mid": 9892.25}], "describe": {"bin": {"mean": 49.5, "max": 99.0, "min": 0.0}, "mean_ret": {"mean": -0.024828706800445955, "max": 1.5033333333333334, "min": -1.6016666666666666}, "vol": {"mean": 9.814820566088484, "max": 11.268350696741258, "min": 8.74769901263227}, "mean_mid": {"mean": 9822.761700000001, "max": 10034.083333333334, "min": 9618.806666666667}}, "evidence_type": "stat_test", "tags": ["intraday"], "confidence": "medium", "size": 5035, "raw_excerpt": ""}