{"card_id": "e9010f03e9fd", "source_path": "ROUND_5/autoresearch/05_cross_product/groups/robot/price_corr.csv", "phase_tag": "autoresearch/05_cross_product/groups", "ext": ".csv", "products_mentioned": ["ROBOT_DISHES", "ROBOT_IRONING", "ROBOT_LAUNDRY", "ROBOT_MOPPING", "ROBOT_VACUUMING"], "claim_summary": "CSV n=5 cols=6 sort_col=None", "columns": ["Unnamed: 0", "ROBOT_DISHES", "ROBOT_IRONING", "ROBOT_LAUNDRY", "ROBOT_MOPPING", "ROBOT_VACUUMING"], "n_rows": 5, "top_rows": [{"Unnamed: 0": "ROBOT_DISHES", "ROBOT_DISHES": 1.0, "ROBOT_IRONING": -0.6483980580218928, "ROBOT_LAUNDRY": -0.7233149281619007, "ROBOT_MOPPING": 0.4391419773728793, "ROBOT_VACUUMING": -0.6864892643087758}, {"Unnamed: 0": "ROBOT_IRONING", "ROBOT_DISHES": -0.6483980580218928, "ROBOT_IRONING": 1.0, "ROBOT_LAUNDRY": 0.7371413320197806, "ROBOT_MOPPING": -0.8151808624074377, "ROBOT_VACUUMING": 0.7842396148598797}, {"Unnamed: 0": "ROBOT_LAUNDRY", "ROBOT_DISHES": -0.7233149281619007, "ROBOT_IRONING": 0.7371413320197806, "ROBOT_LAUNDRY": 1.0, "ROBOT_MOPPING": -0.7134754328661786, "ROBOT_VACUUMING": 0.7874170941198099}], "describe": {"ROBOT_DISHES": {"mean": -0.12381205462393799, "max": 1.0, "min": -0.7233149281619007}, "ROBOT_IRONING": {"mean": 0.211560405290066, "max": 1.0, "min": -0.8151808624074377}, "ROBOT_LAUNDRY": {"mean": 0.21755361302230222, "max": 1.0, "min": -0.7233149281619007}, "ROBOT_MOPPING": {"mean": -0.17510214301562127, "max": 1.0, "min": -0.8151808624074377}, "ROBOT_VACUUMING": {"mean": 0.2198342094987089, "max": 1.0, "min": -0.7859963971773692}}, "evidence_type": "stat_test", "tags": [], "confidence": "medium", "size": 555, "raw_excerpt": ""}