{"card_id": "e95568903fe6", "source_path": "ROUND_5/autoresearch/04_statistical_patterns/intraday/PANEL_2X4.csv", "phase_tag": "autoresearch/04_statistical_patterns/intraday", "ext": ".csv", "products_mentioned": ["PANEL_2X4"], "claim_summary": "CSV n=100 cols=4 sort_col=None", "columns": ["bin", "mean_ret", "vol", "mean_mid"], "n_rows": 100, "top_rows": [{"bin": 0, "mean_ret": 0.0668896321070234, "vol": 10.52460559087526, "mean_mid": 10718.391666666666}, {"bin": 1, "mean_ret": 0.8983333333333333, "vol": 10.511046771675185, "mean_mid": 10785.116666666669}, {"bin": 2, "mean_ret": -0.5983333333333334, "vol": 10.65055295040529, "mean_mid": 10793.036666666669}], "describe": {"bin": {"mean": 49.5, "max": 99.0, "min": 0.0}, "mean_ret": {"mean": 0.07845222965440357, "max": 1.2466666666666666, "min": -1.4466666666666668}, "vol": {"mean": 11.27444887106162, "max": 12.712336878741748, "min": 10.059943527083837}, "mean_mid": {"mean": 11265.372983333333, "max": 11804.71, "min": 10619.308333333332}}, "evidence_type": "stat_test", "tags": ["intraday"], "confidence": "medium", "size": 5139, "raw_excerpt": ""}