{"card_id": "e9bd62cef90e", "source_path": "ROUND_5/autoresearch/04_statistical_patterns/intraday/SNACKPACK_RASPBERRY.csv", "phase_tag": "autoresearch/04_statistical_patterns/intraday", "ext": ".csv", "products_mentioned": ["SNACKPACK_RASPBERRY"], "claim_summary": "CSV n=100 cols=4 sort_col=None", "columns": ["bin", "mean_ret", "vol", "mean_mid"], "n_rows": 100, "top_rows": [{"bin": 0, "mean_ret": -0.0066889632107023, "vol": 7.98151947277, "mean_mid": 10118.206666666669}, {"bin": 1, "mean_ret": -0.155, "vol": 8.08835872243204, "mean_mid": 10105.15}, {"bin": 2, "mean_ret": 0.1433333333333333, "vol": 8.033757511571906, "mean_mid": 10129.366666666669}], "describe": {"bin": {"mean": 49.5, "max": 99.0, "min": 0.0}, "mean_ret": {"mean": 0.010016443701226318, "max": 1.0116666666666667, "min": -0.7883333333333333}, "vol": {"mean": 8.088359027169144, "max": 9.069569466132522, "min": 7.25224372307992}, "mean_mid": {"mean": 10077.812066666665, "max": 10259.188333333334, "min": 9874.586666666666}}, "evidence_type": "stat_test", "tags": ["intraday", "basket"], "confidence": "medium", "size": 5161, "raw_excerpt": ""}