{"card_id": "ed8c7eed7c7f", "source_path": "ROUND_5/autoresearch/mr_study/01_fair_value_zoo/per_product/UV_VISOR_AMBER/ranking.csv", "phase_tag": "autoresearch/mr_study/01_fair_value_zoo", "ext": ".csv", "products_mentioned": ["UV_VISOR_AMBER"], "claim_summary": "CSV n=45 cols=11 sort_col=score", "columns": ["fv_id", "ic_abs", "half_life", "mean_abs_res", "res_to_spread", "adf_p", "z_ic", "z_hl", "z_res", "score", "product"], "n_rows": 45, "top_rows": [{"fv_id": "ewma_10", "ic_abs": 0.008370588236204, "half_life": 10.30049880843923, "mean_abs_res": 16.68365558003861, "res_to_spread": 1.758070190327018, "adf_p": 3.1877133907570665e-30, "z_ic": 1.1973673627242862, "z_hl": 0.4516492879606894, "z_res": 0.6623004226207722, "score": 2.311317073305748, "product": "UV_VISOR_AMBER"}, {"fv_id": "ewma_25", "ic_abs": 0.0092035001378662, "half_life": 26.86108590982088, "mean_abs_res": 26.47436215921467, "res_to_spread": 2.792643786009933, "adf_p": 6.906046100636242e-20, "z_ic": 1.505552361571925, "z_hl": 0.2398216572448436, "z_res": 0.4939882798912754, "score": 2.239362298708044, "product": "UV_VISOR_AMBER"}, {"fv_id": "microprice_ewma25", "ic_abs": 0.009186644061469, "half_life": 26.86539385387037, "mean_abs_res": 26.473747323106902, "res_to_spread": 2.7925623999078555, "adf_p": 6.89837380715877e-20, "z_ic": 1.4993154595962337, "z_hl": 0.2397853636801503, "z_res": 0.4940015203888933, "score": 2.2331023436652773, "product": "UV_VISOR_AMBER"}], "evidence_type": "backtest", "tags": ["mean_reversion", "stat_test", "microstructure"], "confidence": "high", "size": 8856}