{"card_id": "f3ed4050da78", "source_path": "ROUND_5/autoresearch/08_signals/walk_forward_results.csv", "phase_tag": "autoresearch/08_signals/walk_forward_results.csv", "ext": ".csv", "products_mentioned": [], "claim_summary": "CSV n=40 cols=11 sort_col=total_pnl", "columns": ["signal", "fold", "n_trades", "total_pnl", "sharpe", "hit_rate", "calib_mu", "calib_sd", "slope", "intercept", "phi"], "n_rows": 40, "top_rows": [{"signal": "ar1_ROBOT_DISHES", "fold": "fold_B", "n_trades": 2583, "total_pnl": 21856.0, "sharpe": 13.550340468684702, "hit_rate": 0.1066213242648529, "calib_mu": NaN, "calib_sd": NaN, "slope": NaN, "intercept": NaN, "phi": -0.0025568863373417}, {"signal": "ar1_ROBOT_IRONING", "fold": "fold_B", "n_trades": 6740, "total_pnl": 7478.0, "sharpe": 11.22045246267653, "hit_rate": 0.2036407281456291, "calib_mu": NaN, "calib_sd": NaN, "slope": NaN, "intercept": NaN, "phi": -0.1287932662102897}, {"signal": "ar1_OXYGEN_SHAKE_EVENING_BREATH", "fold": "fold_A", "n_trades": 6866, "total_pnl": 7402.0, "sharpe": 9.330679992271437, "hit_rate": 0.2268453690738147, "calib_mu": NaN, "calib_sd": NaN, "slope": NaN, "intercept": NaN, "phi": -0.1737856075164409}], "describe": {"n_trades": {"mean": 1156.2, "max": 6900.0, "min": 1.0}, "total_pnl": {"mean": 1883.17526833466, "max": 21856.0, "min": -1667.9587082841836}, "sharpe": {"mean": 2.672634926483498, "max": 17.175006323198875, "min": -1.7127493203340352}, "hit_rate": {"mean": 0.29687311799793703, "max": 0.4967496749674967, "min": 0.0455045504550455}, "calib_mu": {"mean": 6257.009622656248, "max": 50183.608375, "min": -8.434290066361427e-12}, "calib_sd": {"mean": 283.5782352527424, "max": 778.3571523212582, "min": 2.786943487048132}}, "evidence_type": "backtest", "tags": ["backtest", "basket", "ar1"], "confidence": "high", "size": 6681, "raw_excerpt": ""}