{"card_id": "f5709fc8f596", "source_path": "ROUND_5/autoresearch/04_statistical_patterns/intraday/ROBOT_MOPPING.csv", "phase_tag": "autoresearch/04_statistical_patterns/intraday", "ext": ".csv", "products_mentioned": ["ROBOT_MOPPING"], "claim_summary": "CSV n=100 cols=4 sort_col=None", "columns": ["bin", "mean_ret", "vol", "mean_mid"], "n_rows": 100, "top_rows": [{"bin": 0, "mean_ret": 0.4983277591973244, "vol": 10.485968439156135, "mean_mid": 10685.158333333333}, {"bin": 1, "mean_ret": -0.0316666666666666, "vol": 9.60776740649703, "mean_mid": 10729.238333333333}, {"bin": 2, "mean_ret": -0.6216666666666667, "vol": 10.960373923550035, "mean_mid": 10654.273333333333}], "describe": {"bin": {"mean": 49.5, "max": 99.0, "min": 0.0}, "mean_ret": {"mean": 0.05293327759197324, "max": 1.3866666666666667, "min": -1.53}, "vol": {"mean": 11.13278328380381, "max": 12.25017677846646, "min": 9.60776740649703}, "mean_mid": {"mean": 11100.213233333332, "max": 11722.943333333333, "min": 10629.27}}, "evidence_type": "stat_test", "tags": ["intraday"], "confidence": "medium", "size": 5339, "raw_excerpt": ""}