{"card_id": "f97e433a3f1e", "source_path": "ROUND_5/autoresearch/14_lag_research/B_leadlag/leadlag_stable.csv", "phase_tag": "autoresearch/14_lag_research/B_leadlag", "ext": ".csv", "products_mentioned": [], "claim_summary": "CSV n=2 cols=20 sort_col=None", "columns": ["i", "j", "lag", "group_i", "group_j", "peak_rho", "fA_ic", "fA_sharpe", "fA_hit", "fA_pnl", "fB_ic", "fB_sharpe", "fB_hit", "fB_pnl", "decay_minus1", "decay_plus1", "decay_minus2", "decay_plus2", "min_fold_sharpe", "decay_stability"], "n_rows": 2, "top_rows": [{"i": "OXYGEN_SHAKE_CHOCOLATE", "j": "PEBBLES_XS", "lag": 39, "group_i": "oxygen_shake", "group_j": "pebbles", "peak_rho": 0.0218833817449965, "fA_ic": 0.0308321175683746, "fA_sharpe": 2.5173614314083057, "fA_hit": 0.4857429718875502, "fA_pnl": 3711.0, "fB_ic": 0.0083782638267538, "fB_sharpe": 1.1426079881619784, "fB_hit": 0.4681726907630522, "fB_pnl": 1646.5, "decay_minus1": -1.6694520231203127, "decay_plus1": 1.824897987825158, "decay_minus2": 0.4833178702789698, "decay_plus2": -1.0717584411877883, "min_fold_sharpe": 1.1426079881619784, "decay_stability": true}, {"i": "PANEL_1X4", "j": "PANEL_1X2", "lag": 33, "group_i": "panel", "group_j": "panel", "peak_rho": 0.0212865877306232, "fA_ic": 0.0067518110516901, "fA_sharpe": 0.9623988567104984, "fA_hit": 0.4763194862532611, "fA_pnl": 791.0, "fB_ic": 0.0088761214971921, "fB_sharpe": 1.2462604603929153, "fB_hit": 0.4730082279751154, "fB_pnl": 1140.0, "decay_minus1": 0.7039358065048907, "decay_plus1": 0.6331490895384018, "decay_minus2": 0.8197091773811455, "decay_plus2": 0.56482627002761, "min_fold_sharpe": 0.9623988567104984, "decay_stability": true}], "evidence_type": "backtest", "tags": ["lead_lag", "backtest"], "confidence": "medium", "size": 770}