{"card_id": "f996688e241e", "source_path": "ROUND_5/autoresearch/05_cross_product/groups/panel/price_corr.csv", "phase_tag": "autoresearch/05_cross_product/groups", "ext": ".csv", "products_mentioned": ["PANEL_1X2", "PANEL_1X4", "PANEL_2X2", "PANEL_2X4", "PANEL_4X4"], "claim_summary": "CSV n=5 cols=6 sort_col=None", "columns": ["Unnamed: 0", "PANEL_1X2", "PANEL_1X4", "PANEL_2X2", "PANEL_2X4", "PANEL_4X4"], "n_rows": 5, "top_rows": [{"Unnamed: 0": "PANEL_1X2", "PANEL_1X2": 1.0, "PANEL_1X4": -0.3080763745556358, "PANEL_2X2": -0.5373740488496437, "PANEL_2X4": 0.1286009898019639, "PANEL_4X4": 0.2800521095335075}, {"Unnamed: 0": "PANEL_1X4", "PANEL_1X2": -0.3080763745556358, "PANEL_1X4": 1.0, "PANEL_2X2": 0.6442909494543237, "PANEL_2X4": -0.6041255195487586, "PANEL_4X4": -0.2279068775592679}, {"Unnamed: 0": "PANEL_2X2", "PANEL_1X2": -0.5373740488496437, "PANEL_1X4": 0.6442909494543237, "PANEL_2X2": 1.0, "PANEL_2X4": -0.4819423782699449, "PANEL_4X4": -0.4940698948572025}], "describe": {"PANEL_1X2": {"mean": 0.11264053518603837, "max": 1.0, "min": -0.5373740488496437}, "PANEL_1X4": {"mean": 0.10083643555813226, "max": 1.0, "min": -0.6041255195487586}, "PANEL_2X2": {"mean": 0.026180925495506557, "max": 1.0, "min": -0.5373740488496437}, "PANEL_2X4": {"mean": -0.02638917188030284, "max": 1.0, "min": -0.6041255195487586}, "PANEL_4X4": {"mean": 0.07671927714645252, "max": 1.0, "min": -0.4940698948572025}}, "evidence_type": "stat_test", "tags": [], "confidence": "medium", "size": 525, "raw_excerpt": ""}