{"card_id": "fb258531f14c", "source_path": "ROUND_5/autoresearch/13_round2_research/B_bleeders/forensics_summary.csv", "phase_tag": "autoresearch/13_round2_research/B_bleeders", "ext": ".csv", "products_mentioned": ["GALAXY_SOUNDS_SOLAR_FLAMES", "PANEL_1X2", "PANEL_4X4", "PEBBLES_L", "PEBBLES_M", "ROBOT_MOPPING", "SLEEP_POD_LAMB_WOOL", "SNACKPACK_CHOCOLATE"], "claim_summary": "CSV n=11 cols=7 sort_col=None", "columns": ["product", "avg_drift", "max_abs_drift", "avg_vol", "avg_spread", "avg_spread_to_vol", "avg_trend_dom"], "n_rows": 11, "top_rows": [{"product": "GALAXY_SOUNDS_SOLAR_FLAMES", "avg_drift": 277.3333333333333, "max_abs_drift": 1345.5, "avg_vol": 41.562528048559614, "avg_spread": 14.071533333333337, "avg_spread_to_vol": 0.338932102728926, "avg_trend_dom": 0.0083266337843271}, {"product": "PANEL_1X2", "avg_drift": -99.0, "max_abs_drift": 1568.5, "avg_vol": 34.5597392646203, "avg_spread": 11.509766666666666, "avg_spread_to_vol": 0.3337734466041378, "avg_trend_dom": 0.0128823625276694}, {"product": "PANEL_4X4", "avg_drift": -291.6666666666667, "max_abs_drift": 1127.0, "avg_vol": 37.74861850475808, "avg_spread": 8.750466666666666, "avg_spread_to_vol": 0.2323264389659975, "avg_trend_dom": 0.0084659552559232}], "describe": {"avg_drift": {"mean": 53.9090909090909, "max": 530.1666666666666, "min": -519.6666666666666}, "max_abs_drift": {"mean": 1285.0454545454545, "max": 2352.5, "min": 181.5}, "avg_vol": {"mean": 40.195085558589, "max": 57.017268904407494, "min": 24.524945003760564}, "avg_spread": {"mean": 12.150121212121212, "max": 16.842466666666667, "min": 7.970666666666666}, "avg_spread_to_vol": {"mean": 0.3272618464238819, "max": 0.6726105939828884, "min": 0.1951139202673801}, "avg_trend_dom": {"mean": 0.007814424829044618, "max": 0.0128823625276694, "min": 0.0021763986019036}}, "evidence_type": "stat_test", "tags": ["microstructure"], "confidence": "medium", "size": 1303, "raw_excerpt": ""}