{"card_id": "fd8e4fd0269e", "source_path": "ROUND_5/autoresearch/05_cross_product/groups/panel/basket_residual.csv", "phase_tag": "autoresearch/05_cross_product/groups", "ext": ".csv", "products_mentioned": ["PANEL_1X2", "PANEL_1X4", "PANEL_2X2", "PANEL_2X4", "PANEL_4X4"], "claim_summary": "CSV n=5 cols=10 sort_col=None", "columns": ["target", "r2", "resid_std", "resid_hl", "coef_PANEL_1X4", "coef_PANEL_2X2", "coef_PANEL_2X4", "coef_PANEL_4X4", "intercept", "coef_PANEL_1X2"], "n_rows": 5, "top_rows": [{"target": "PANEL_1X2", "r2": 0.3174386089799188, "resid_std": 487.364895946429, "resid_hl": 2320.59626442294, "coef_PANEL_1X4": -0.0285265888635725, "coef_PANEL_2X2": -0.5968901319536771, "coef_PANEL_2X4": -0.2293510871154729, "coef_PANEL_4X4": -0.1407190830761878, "intercept": 18880.836895431497, "coef_PANEL_1X2": NaN}, {"target": "PANEL_1X4", "r2": 0.5364129696519008, "resid_std": 567.8607955092639, "resid_hl": 2838.2211701879933, "coef_PANEL_1X4": NaN, "coef_PANEL_2X2": 0.4275023401891438, "coef_PANEL_2X4": -0.6069336040728532, "coef_PANEL_4X4": -0.2353725075825381, "intercept": 14811.634221832664, "coef_PANEL_1X2": -0.0387280051118328}, {"target": "PANEL_2X2", "r2": 0.7000838359528497, "resid_std": 369.54249653714464, "resid_hl": 1129.3072501206998, "coef_PANEL_1X4": 0.1810437348672164, "coef_PANEL_2X2": NaN, "coef_PANEL_2X4": -0.4114980020050293, "coef_PANEL_4X4": -0.6286542266943124, "intercept": 21783.25322973552, "coef_PANEL_1X2": -0.3431742450588887}], "evidence_type": "stat_test", "tags": ["basket", "ar1"], "confidence": "medium", "size": 957}