{"card_id": "fdbddd52a2c1", "source_path": "ROUND_5/autoresearch/mr_study/01_fair_value_zoo/per_product/MICROCHIP_TRIANGLE/ranking.csv", "phase_tag": "autoresearch/mr_study/01_fair_value_zoo", "ext": ".csv", "products_mentioned": ["MICROCHIP_TRIANGLE"], "claim_summary": "CSV n=45 cols=11 sort_col=score", "columns": ["fv_id", "ic_abs", "half_life", "mean_abs_res", "res_to_spread", "adf_p", "z_ic", "z_hl", "z_res", "score", "product"], "n_rows": 45, "top_rows": [{"fv_id": "ar3_dx", "ic_abs": 0.0059701819278374, "half_life": 0.100169706160459, "mean_abs_res": 11.179601670915767, "res_to_spread": 1.3132722906588208, "adf_p": 0.0, "z_ic": -0.6218839786744588, "z_hl": 1.1079740932206237, "z_res": 0.9427540404129438, "score": 1.4288441549591084, "product": "MICROCHIP_TRIANGLE"}, {"fv_id": "ar1_dx", "ic_abs": 0.0059606233927324, "half_life": 0.1033371408856316, "mean_abs_res": 11.173430221352858, "res_to_spread": 1.3125640824184854, "adf_p": 0.0, "z_ic": -0.6236905779167284, "z_hl": 1.1075661937772625, "z_res": 0.9428244374744174, "score": 1.4267000533349514, "product": "MICROCHIP_TRIANGLE"}, {"fv_id": "ar2_dx", "ic_abs": 0.0058369769477927, "half_life": 0.0990244963281312, "mean_abs_res": 11.178543070550884, "res_to_spread": 1.3131513724230055, "adf_p": 0.0, "z_ic": -0.6470602230855033, "z_hl": 1.1081218614500443, "z_res": 0.9427660598840472, "score": 1.4038276982485884, "product": "MICROCHIP_TRIANGLE"}], "evidence_type": "backtest", "tags": ["mean_reversion", "stat_test", "microstructure"], "confidence": "high", "size": 8919}