{"card_id": "fe95165e07e2", "source_path": "ROUND_5/autoresearch/mr_study/01_fair_value_zoo/per_product/PEBBLES_XS/ranking.csv", "phase_tag": "autoresearch/mr_study/01_fair_value_zoo", "ext": ".csv", "products_mentioned": ["PEBBLES_XS"], "claim_summary": "CSV n=45 cols=11 sort_col=score", "columns": ["fv_id", "ic_abs", "half_life", "mean_abs_res", "res_to_spread", "adf_p", "z_ic", "z_hl", "z_res", "score", "product"], "n_rows": 45, "top_rows": [{"fv_id": "ar5_dx", "ic_abs": 0.0208904272658753, "half_life": 0.0956783936015408, "mean_abs_res": 11.983807724988967, "res_to_spread": 1.4145236548507598, "adf_p": 0.0, "z_ic": 1.3902280582159674, "z_hl": 1.222606419662398, "z_res": 0.8548352083768077, "score": 3.4676696862551735, "product": "PEBBLES_XS"}, {"fv_id": "quad_500", "ic_abs": 0.0167852080314922, "half_life": 47.70931241228834, "mean_abs_res": 71.27664088121855, "res_to_spread": 8.391775177677921, "adf_p": 6.134530464434864e-14, "z_ic": 0.4666766484722084, "z_hl": 0.7131509844409312, "z_res": 0.2569739427717689, "score": 1.4368015756849086, "product": "PEBBLES_XS"}, {"fv_id": "ewma_25", "ic_abs": 0.0127385910724744, "half_life": 22.448588647605284, "mean_abs_res": 49.436753933660995, "res_to_spread": 5.818380126965046, "adf_p": 1.4771938338165465e-21, "z_ic": -0.4436910039768116, "z_hl": 0.8113043098338073, "z_res": 0.477481003021409, "score": 0.8450943088784046, "product": "PEBBLES_XS"}], "evidence_type": "backtest", "tags": ["microstructure", "mean_reversion", "stat_test", "basket"], "confidence": "high", "size": 8470}