{"card_id": "feb6db1e85a0", "source_path": "ROUND_5/autoresearch/13_round2_research/C_johansen/johansen_per_group.csv", "phase_tag": "autoresearch/13_round2_research/C_johansen", "ext": ".csv", "products_mentioned": [], "claim_summary": "CSV n=10 cols=8 sort_col=None", "columns": ["group", "rank", "lr1_0", "cv5_0", "lr1_1", "cv5_1", "eig_0", "eig_1"], "n_rows": 10, "top_rows": [{"group": "galaxy_sounds", "rank": 0, "lr1_0": 40.73242975443816, "cv5_0": 69.8189, "lr1_1": 22.546574195169836, "cv5_1": 47.8545, "eig_0": 0.0006060518773421, "eig_1": 0.0003102206056533}, {"group": "microchip", "rank": 0, "lr1_0": 61.53464328568945, "cv5_0": 69.8189, "lr1_1": 35.327618642140955, "cv5_1": 47.8545, "eig_0": 0.0008732442299797, "eig_1": 0.0004868755757828}, {"group": "oxygen_shake", "rank": 0, "lr1_0": 45.446200815066874, "cv5_0": 69.8189, "lr1_1": 26.265413082816732, "cv5_1": 47.8545, "eig_0": 0.0006391978438528, "eig_1": 0.0005173651434339}], "describe": {"rank": {"mean": 0.6, "max": 5.0, "min": 0.0}, "lr1_0": {"mean": 1274.0802915911195, "max": 12235.13318529354, "min": 40.73242975443816}, "cv5_0": {"mean": 69.8189, "max": 69.8189, "min": 69.8189}, "lr1_1": {"mean": 32.61241162666107, "max": 52.692633157791285, "min": 22.546574195169836}, "cv5_1": {"mean": 47.85450000000001, "max": 47.8545, "min": 47.8545}, "eig_0": {"mean": 0.03412319556024644, "max": 0.3342987649237832, "min": 0.0006060518773421}}, "evidence_type": "stat_test", "tags": ["cointegration"], "confidence": "medium", "size": 1132, "raw_excerpt": ""}