{"card_id": "ff5a3cad4f7c", "source_path": "ROUND_5/autoresearch/04_statistical_patterns/intraday/TRANSLATOR_SPACE_GRAY.csv", "phase_tag": "autoresearch/04_statistical_patterns/intraday", "ext": ".csv", "products_mentioned": ["TRANSLATOR_SPACE_GRAY"], "claim_summary": "CSV n=100 cols=4 sort_col=None", "columns": ["bin", "mean_ret", "vol", "mean_mid"], "n_rows": 100, "top_rows": [{"bin": 0, "mean_ret": -0.4765886287625418, "vol": 9.520260296269706, "mean_mid": 9825.145}, {"bin": 1, "mean_ret": 0.48, "vol": 9.804251347329144, "mean_mid": 9832.21}, {"bin": 2, "mean_ret": -0.4166666666666667, "vol": 10.059258645839757, "mean_mid": 9869.223333333332}], "describe": {"bin": {"mean": 49.5, "max": 99.0, "min": 0.0}, "mean_ret": {"mean": -0.052382552954292096, "max": 1.335, "min": -1.2566666666666666}, "vol": {"mean": 9.41816253698042, "max": 10.401565999926945, "min": 8.658367145579335}, "mean_mid": {"mean": 9431.901883333332, "max": 9869.223333333332, "min": 9077.373333333331}}, "evidence_type": "stat_test", "tags": ["intraday"], "confidence": "medium", "size": 4970, "raw_excerpt": ""}