{"card_id": "fff71cc83f3e", "source_path": "ROUND_5/autoresearch/mr_study/01_fair_value_zoo/per_product/PANEL_4X4/ranking.csv", "phase_tag": "autoresearch/mr_study/01_fair_value_zoo", "ext": ".csv", "products_mentioned": ["PANEL_4X4"], "claim_summary": "CSV n=45 cols=11 sort_col=score", "columns": ["fv_id", "ic_abs", "half_life", "mean_abs_res", "res_to_spread", "adf_p", "z_ic", "z_hl", "z_res", "score", "product"], "n_rows": 45, "top_rows": [{"fv_id": "ar5_dx", "ic_abs": 0.0104337500890122, "half_life": 0.133515028256624, "mean_abs_res": 7.893685700862608, "res_to_spread": 0.8770761889847343, "adf_p": 0.0, "z_ic": 1.007160893754848, "z_hl": 1.0711375927681477, "z_res": 0.7649434458221337, "score": 2.843241932345129, "product": "PANEL_4X4"}, {"fv_id": "ar1_dx", "ic_abs": 0.0103147349085788, "half_life": 0.1362591113709738, "mean_abs_res": 7.890241016488155, "res_to_spread": 0.8766934462764615, "adf_p": 0.0, "z_ic": 0.9620884624556058, "z_hl": 1.070786023213617, "z_res": 0.7649837244749218, "score": 2.7978582101441445, "product": "PANEL_4X4"}, {"fv_id": "ar3_dx", "ic_abs": 0.0103111400926761, "half_life": 0.1363785166409262, "mean_abs_res": 7.892765903848858, "res_to_spread": 0.8769739893165398, "adf_p": 0.0, "z_ic": 0.9607270639162038, "z_hl": 1.0707707443965355, "z_res": 0.7649542009975069, "score": 2.7964520093102463, "product": "PANEL_4X4"}], "evidence_type": "backtest", "tags": ["mean_reversion", "stat_test", "microstructure"], "confidence": "high", "size": 8489}