target,r2,resid_std,resid_hl,coef_GALAXY_SOUNDS_DARK_MATTER,coef_GALAXY_SOUNDS_PLANETARY_RINGS,coef_GALAXY_SOUNDS_SOLAR_FLAMES,coef_GALAXY_SOUNDS_SOLAR_WINDS,intercept,coef_GALAXY_SOUNDS_BLACK_HOLES
GALAXY_SOUNDS_BLACK_HOLES,0.21956601813198273,846.6967571945423,13193.709122516779,-0.04995887428764699,0.050685141329213375,0.09018905077157155,0.8426343529884539,1636.6126240924539,
GALAXY_SOUNDS_DARK_MATTER,0.1932115494571468,297.03489407555173,1133.9913312067956,,0.19016457167014753,-0.029807484466317945,-0.036403581074871544,8960.332146709408,-0.006148537029022126
GALAXY_SOUNDS_PLANETARY_RINGS,0.1999820497696969,684.981430602332,3530.0869358233435,1.0112819695503048,,0.05897714968805662,0.1227711662990356,-1891.3917758695413,0.033172825587778856
GALAXY_SOUNDS_SOLAR_FLAMES,0.11624872434844136,423.1705719697622,1402.5792696722858,-0.06049803953960115,0.02250904659478962,,-0.30080885256248285,14350.293323536887,0.022528326936720945
GALAXY_SOUNDS_SOLAR_WINDS,0.30141883890383625,452.2591508392647,2284.4897476318356,-0.0843925077086118,0.0535196803701685,-0.34358517927320104,,11778.825887185869,0.2404130807744313
