r<=k,trace_stat,cv_5pct
0,40.73242975443816,69.8189
1,22.546574195169836,47.8545
2,13.239132712059371,29.7961
3,5.597971553567644,15.4943
4,2.0377775310430435,3.8415
