,GALAXY_SOUNDS_BLACK_HOLES,GALAXY_SOUNDS_DARK_MATTER,GALAXY_SOUNDS_PLANETARY_RINGS,GALAXY_SOUNDS_SOLAR_FLAMES,GALAXY_SOUNDS_SOLAR_WINDS
GALAXY_SOUNDS_BLACK_HOLES,1.0,-0.008066705340669864,0.07430053712724845,-0.11709511682894873,0.46534589194941317
GALAXY_SOUNDS_DARK_MATTER,-0.008066705340669864,1.0,0.43421141924060136,-0.022533526267204042,-0.01568085677831927
GALAXY_SOUNDS_PLANETARY_RINGS,0.07430053712724845,0.43421141924060136,1.0,-0.00911406148501174,0.08759617878976837
GALAXY_SOUNDS_SOLAR_FLAMES,-0.11709511682894873,-0.022533526267204042,-0.00911406148501174,1.0,-0.33521984370097624
GALAXY_SOUNDS_SOLAR_WINDS,0.46534589194941317,-0.01568085677831927,0.08759617878976837,-0.33521984370097624,1.0
