target,r2,resid_std,resid_hl,coef_SLEEP_POD_LAMB_WOOL,coef_SLEEP_POD_NYLON,coef_SLEEP_POD_POLYESTER,coef_SLEEP_POD_SUEDE,intercept,coef_SLEEP_POD_COTTON
SLEEP_POD_COTTON,0.7918989181447968,404.94185933066456,895.0357131299332,0.0853192175568645,0.1852873817334498,0.8934633676782257,-0.16040470689047853,78.15098397648615,
SLEEP_POD_LAMB_WOOL,0.2877772055726555,348.68115581375207,1003.9124060947395,,0.4424417775075043,-0.16512784554309617,0.035099391133730055,7263.80859952779,0.06325843925198012
SLEEP_POD_NYLON,0.38513687031279364,398.90371946445833,1589.2661339430517,0.5790757071012004,,0.10383293600547638,-0.09762808360186111,1250.0974258601034,0.17980289114813403
SLEEP_POD_POLYESTER,0.8878871310397407,327.3066485115772,643.264362916767,-0.14550335757101565,0.06990506069066811,,0.5185851713630321,84.64084048818249,0.5837152771996914
SLEEP_POD_SUEDE,0.7532629586155457,447.0196527620333,1042.820291365896,0.057689378833288694,-0.12260038289547263,0.9673055368615933,,2761.3840078833214,-0.19547219800801613
