r<=k,trace_stat,cv_5pct
0,51.12926460888858,69.8189
1,29.133913273856972,47.8545
2,15.724297857286633,29.7961
3,8.0885266460126,15.4943
4,3.0002050656323425,3.8415
