,SLEEP_POD_COTTON,SLEEP_POD_LAMB_WOOL,SLEEP_POD_NYLON,SLEEP_POD_POLYESTER,SLEEP_POD_SUEDE
SLEEP_POD_COTTON,1.0,-0.0036138038346899166,0.006640864408030033,-0.007018573471707183,-0.001306210583098008
SLEEP_POD_LAMB_WOOL,-0.0036138038346899166,1.0,0.0031639236161763585,0.008979121556062375,0.00693563582938775
SLEEP_POD_NYLON,0.006640864408030033,0.0031639236161763585,1.0,0.0026625793753268976,0.00646036007695608
SLEEP_POD_POLYESTER,-0.007018573471707183,0.008979121556062375,0.0026625793753268976,1.0,0.0025426895769869893
SLEEP_POD_SUEDE,-0.001306210583098008,0.00693563582938775,0.00646036007695608,0.0025426895769869893,1.0
