target,r2,resid_std,resid_hl,coef_TRANSLATOR_ECLIPSE_CHARCOAL,coef_TRANSLATOR_GRAPHITE_MIST,coef_TRANSLATOR_SPACE_GRAY,coef_TRANSLATOR_VOID_BLUE,intercept,coef_TRANSLATOR_ASTRO_BLACK
TRANSLATOR_ASTRO_BLACK,0.4972177320307739,347.25909811095494,1078.6031497875572,0.21415899812122624,-0.0987649805643981,-0.1784356215074823,-0.6943760438040384,17502.451912797533,
TRANSLATOR_ECLIPSE_CHARCOAL,0.26418307154699583,305.0593633046703,1017.2134026231271,,-0.04839864072374853,0.11600206305181922,0.4351190005708693,2931.821898474243,0.16527142798345565
TRANSLATOR_GRAPHITE_MIST,0.047847546130499574,487.4353550534745,3150.1837560861004,-0.12356586076300383,,0.08324617113733597,0.04713406184743499,11826.613181271896,-0.19459414538854242
TRANSLATOR_SPACE_GRAY,0.30916947045844456,417.82354853803344,1747.3089829795977,0.21761198996453252,0.06116683945136941,,-0.6539103442647751,16204.407258239762,-0.25832124092493974
TRANSLATOR_VOID_BLUE,0.6770909198775938,329.1562069293615,764.875638753557,0.506574620027025,0.021493389661281535,-0.40582283392210683,,15353.237252967896,-0.6238663498409176
