,TRANSLATOR_ASTRO_BLACK,TRANSLATOR_ECLIPSE_CHARCOAL,TRANSLATOR_GRAPHITE_MIST,TRANSLATOR_SPACE_GRAY,TRANSLATOR_VOID_BLUE
TRANSLATOR_ASTRO_BLACK,1.0,0.003532379882391599,-0.0034347785553422703,0.008395564052529314,0.004672460888266634
TRANSLATOR_ECLIPSE_CHARCOAL,0.003532379882391599,1.0,0.006996296431750314,0.010401139213539277,-0.004270601245179428
TRANSLATOR_GRAPHITE_MIST,-0.0034347785553422703,0.006996296431750314,1.0,-0.0016111461002392762,0.018109931358067845
TRANSLATOR_SPACE_GRAY,0.008395564052529314,0.010401139213539277,-0.0016111461002392762,1.0,0.003047837279372462
TRANSLATOR_VOID_BLUE,0.004672460888266634,-0.004270601245179428,0.018109931358067845,0.003047837279372462,1.0
