target,r2,resid_std,resid_hl,coef_OXYGEN_SHAKE_EVENING_BREATH,coef_OXYGEN_SHAKE_GARLIC,coef_OXYGEN_SHAKE_MINT,coef_OXYGEN_SHAKE_MORNING_BREATH,intercept,coef_OXYGEN_SHAKE_CHOCOLATE
OXYGEN_SHAKE_CHOCOLATE,0.4783415016695004,404.89297030418953,1081.643000770367,0.4255327470872227,0.47753168839736454,0.06723569287000537,0.16240293917845577,-2369.0809697941518,
OXYGEN_SHAKE_EVENING_BREATH,0.42314683026558086,303.6627648969344,818.8881170457196,,-0.32254050170912885,-0.26442094392314963,-0.3388798878473775,16821.376364702915,0.23935119371088193
OXYGEN_SHAKE_GARLIC,0.6945956765103445,526.8443160873768,862.0122429218065,-0.9708804835265099,,-0.40182995786465003,-0.6898101897679979,24052.46896674807,0.8085117218723001
OXYGEN_SHAKE_MINT,0.24308926787849883,442.06984309591326,2092.749101037435,-0.5603953797416544,-0.2829172921485613,,-0.12953230834447574,18937.692978063173,0.08014956879485141
OXYGEN_SHAKE_MORNING_BREATH,0.4981486717546725,462.44898707312217,1295.9995735099678,-0.7859417792278229,-0.5314870320703469,-0.14175030146027717,,22995.857592241024,0.21185615041776007
