signal,min_sharpe,max_sharpe,mean_sharpe,sum_pnl
pebbles_basket_residual,16.61752616734503,17.175006323198875,16.896266245271953,9216.5
ar1_OXYGEN_SHAKE_EVENING_BREATH,7.566886106287315,9.330679992271435,8.448783049279374,13653.0
ar1_ROBOT_IRONING,7.346017717157063,11.22045246267653,9.283235089916797,13119.5
pair_SNACKPACK_RASPBERRY/SNACKPACK_VANILLA,1.7677913591594745,1.7795475613238205,1.7736694602416474,2054.8744703771717
pair_GALAXY_SOUNDS_DARK_MATTER/GALAXY_SOUNDS_PLANETARY_RINGS,1.5087741294888806,1.5531140065075548,1.5309440679982176,2311.981010036073
pair_SLEEP_POD_LAMB_WOOL/SLEEP_POD_NYLON,1.1350357166213771,1.4805843951681366,1.3078100558947567,1468.9412161046293
pair_MICROCHIP_RECTANGLE/MICROCHIP_SQUARE,1.0049859439933326,2.108492971390672,1.5567394576920024,3224.870531058723
snackpack_basket_residual,0.7067548636614513,1.0681107684679558,0.8874328160647036,1041.5
pair_SNACKPACK_CHOCOLATE/SNACKPACK_STRAWBERRY,0.6448505612689568,2.275790900529333,1.460320730899145,1489.3820513900027
