target,r2,resid_std,resid_hl,coef_PANEL_1X4,coef_PANEL_2X2,coef_PANEL_2X4,coef_PANEL_4X4,intercept,coef_PANEL_1X2
PANEL_1X2,0.3174386089799188,487.36489594642893,2320.59626442294,-0.028526588863572507,-0.5968901319536771,-0.22935108711547297,-0.14071908307618786,18880.836895431494,
PANEL_1X4,0.5364129696519008,567.8607955092639,2838.2211701879933,,0.42750234018914385,-0.6069336040728532,-0.23537250758253817,14811.634221832664,-0.03872800511183282
PANEL_2X2,0.7000838359528497,369.54249653714464,1129.3072501206998,0.18104373486721648,,-0.41149800200502934,-0.6286542266943124,21783.25322973552,-0.3431742450588887
PANEL_2X4,0.5775456756001707,407.6453230230792,1094.9533455228925,-0.31276801846177116,-0.5007303113013225,,-0.6767845532109006,27117.40299934918,-0.16045647308287758
PANEL_4X4,0.48019266008430894,329.50791989897755,1034.0657547322867,-0.07925080390418328,-0.49982132101892035,-0.44219845930070434,,20965.553564917485,-0.06432447091684283
