a,b,best_lag,best_corr
PANEL_1X2,PANEL_1X4,-5,-0.012147426487121839
PANEL_1X2,PANEL_2X2,-9,0.012650120251823457
PANEL_1X2,PANEL_2X4,-10,0.023330431408712285
PANEL_1X2,PANEL_4X4,4,0.0155997320647744
PANEL_1X4,PANEL_2X2,2,-0.01404633998444428
PANEL_1X4,PANEL_2X4,-6,0.015209959553692181
PANEL_1X4,PANEL_4X4,6,0.010046005386297335
PANEL_2X2,PANEL_2X4,-13,-0.014173887901970423
PANEL_2X2,PANEL_4X4,-13,-0.012076960273630942
PANEL_2X4,PANEL_4X4,6,0.013030324753515558
