r<=k,trace_stat,cv_5pct
0,53.502632559463684,69.8189
1,31.632339462743076,47.8545
2,17.225571037605125,29.7961
3,6.7783589183361315,15.4943
4,2.1786668954461628,3.8415
