,PANEL_1X2,PANEL_1X4,PANEL_2X2,PANEL_2X4,PANEL_4X4
PANEL_1X2,1.0,-0.3080763745556358,-0.5373740488496437,0.12860098980196394,0.28005210953350756
PANEL_1X4,-0.3080763745556358,1.0,0.6442909494543237,-0.6041255195487586,-0.22790687755926795
PANEL_2X2,-0.5373740488496437,0.6442909494543237,1.0,-0.48194237826994496,-0.4940698948572025
PANEL_2X4,0.12860098980196394,-0.6041255195487586,-0.48194237826994496,1.0,-0.17447895138477462
PANEL_4X4,0.28005210953350756,-0.22790687755926795,-0.4940698948572025,-0.17447895138477462,1.0
