,PANEL_1X2,PANEL_1X4,PANEL_2X2,PANEL_2X4,PANEL_4X4
PANEL_1X2,1.0,0.005337500651813012,0.010296664112573423,0.004407049976831351,0.007979945025457557
PANEL_1X4,0.005337500651813012,1.0,0.005388861903144261,0.010233337583237136,-3.378067611162759e-05
PANEL_2X2,0.010296664112573423,0.005388861903144261,1.0,-0.007716655391998141,0.0014157453740370816
PANEL_2X4,0.004407049976831351,0.010233337583237136,-0.007716655391998141,1.0,0.005977967177818996
PANEL_4X4,0.007979945025457557,-3.378067611162759e-05,0.0014157453740370816,0.005977967177818996,1.0
