product,group,ic_lag1,switch_lag,switch_ic
OXYGEN_SHAKE_EVENING_BREATH,oxygen_shake,-0.1443581371680149,63,0.021163571355097468
ROBOT_IRONING,robot,-0.16424004075320597,82,0.024341012938847686
ROBOT_LAUNDRY,robot,0.004351125349228197,37,-0.020304150963500144
UV_VISOR_YELLOW,uv_visor,0.0023877707002634236,41,-0.02007434154836615
