target,r2,resid_std,resid_hl,coef_UV_VISOR_MAGENTA,coef_UV_VISOR_ORANGE,coef_UV_VISOR_RED,coef_UV_VISOR_YELLOW,intercept,coef_UV_VISOR_AMBER
UV_VISOR_AMBER,0.8963536556978277,320.9438163118692,587.9088622522319,-0.9697631823187591,-0.3846906515401,-0.6172586641501495,-0.16663417491329463,31353.28461331772,
UV_VISOR_MAGENTA,0.8147361484417052,264.0833293041973,585.987651180758,,-0.06530299043060057,-0.2874209095667255,0.031230275469664892,19824.977653006452,-0.6565830090431017
UV_VISOR_ORANGE,0.527672185507158,378.4020227398624,2896.5555214285323,-0.134078145661101,,-0.17133858217676098,-0.13825840037194767,19557.759026743563,-0.5347619596578568
UV_VISOR_RED,0.6706008593689011,337.30365330408557,744.104619678285,-0.4688981037294848,-0.13614144639907455,,-0.3820067579415799,27273.019141533347,-0.6817909932714751
UV_VISOR_YELLOW,0.44007761894135056,510.17456109151476,1517.132387377635,0.11655514285509423,-0.251317209226295,-0.8739096901272198,,25282.300294004275,-0.42105967368115443
