,UV_VISOR_AMBER,UV_VISOR_MAGENTA,UV_VISOR_ORANGE,UV_VISOR_RED,UV_VISOR_YELLOW
UV_VISOR_AMBER,1.0,0.0061298496859452075,0.004498385541153707,-0.0007006189473480426,-0.0028163029695584766
UV_VISOR_MAGENTA,0.0061298496859452075,1.0,0.006418078645253938,0.004501957750300278,0.009606240978667023
UV_VISOR_ORANGE,0.004498385541153707,0.006418078645253938,1.0,0.01997010808012901,0.004921983938158845
UV_VISOR_RED,-0.0007006189473480426,0.004501957750300278,0.01997010808012901,1.0,0.007381808337013125
UV_VISOR_YELLOW,-0.0028163029695584766,0.009606240978667023,0.004921983938158845,0.007381808337013125,1.0
