{"card_id": "099acad5cc2f", "source_path": "ROUND_5/EDA/eda_full/outputs/01_distributions.csv", "phase_tag": "EDA/eda_full/outputs", "ext": ".csv", "products_mentioned": ["GALAXY_SOUNDS_BLACK_HOLES", "GALAXY_SOUNDS_DARK_MATTER", "GALAXY_SOUNDS_PLANETARY_RINGS", "GALAXY_SOUNDS_SOLAR_FLAMES", "GALAXY_SOUNDS_SOLAR_WINDS", "MICROCHIP_CIRCLE", "MICROCHIP_OVAL", "MICROCHIP_RECTANGLE"], "claim_summary": "CSV n=150 cols=19 sort_col=None", "columns": ["product", "group", "day", "n", "mean", "std", "min", "max", "skew", "kurt", "q01", "q05", "q25", "q50", "q75", "q95", "q99", "jb_stat", "jb_pvalue"], "n_rows": 150, "top_rows": [{"product": "GALAXY_SOUNDS_BLACK_HOLES", "group": "galaxy_sounds", "day": 2, "n": 10000, "mean": 10680.49205, "std": 558.2106741880482, "min": 9608.5, "max": 11791.5, "skew": 0.2280267154920584, "kurt": 2.1730288765620585, "q01": 9661.0, "q05": 9781.975, "q25": 10293.5, "q50": 10602.5, "q75": 11149.125, "q95": 11603.525, "q99": 11733.5, "jb_stat": 371.6108212135839, "jb_pvalue": 2.02178730715506e-81}, {"product": "GALAXY_SOUNDS_DARK_MATTER", "group": "galaxy_sounds", "day": 2, "n": 10000, "mean": 10111.9138, "std": 250.26898294823232, "min": 9614.0, "max": 10695.0, "skew": 0.0486195673083156, "kurt": 1.873708053772889, "q01": 9671.495, "q05": 9737.5, "q25": 9878.5, "q50": 10133.5, "q75": 10316.0, "q95": 10503.0, "q99": 10600.0, "jb_stat": 532.4954155987689, "jb_pvalue": 2.3447129568018568e-116}, {"product": "GALAXY_SOUNDS_PLANETARY_RINGS", "group": "galaxy_sounds", "day": 2, "n": 10000, "mean": 10013.2524, "std": 480.5585426308948, "min": 9253.0, "max": 11279.0, "skew": 0.5448211838944974, "kurt": 2.342329579359695, "q01": 9312.99, "q05": 9371.5, "q25": 9610.5, "q50": 9873.5, "q75": 10366.0, "q95": 10943.0, "q99": 11093.01, "jb_stat": 674.9378632774959, "jb_pvalue": 2.748559706473821e-147}], "evidence_type": "stat_test", "tags": [], "confidence": "medium", "size": 32582}