{"card_id": "e8dd9fba6820", "source_path": "ROUND_5/EDA/eda_full/outputs/09_variance_ratio.csv", "phase_tag": "EDA/eda_full/outputs", "ext": ".csv", "products_mentioned": ["GALAXY_SOUNDS_BLACK_HOLES", "GALAXY_SOUNDS_DARK_MATTER", "GALAXY_SOUNDS_PLANETARY_RINGS", "GALAXY_SOUNDS_SOLAR_FLAMES", "GALAXY_SOUNDS_SOLAR_WINDS", "MICROCHIP_CIRCLE", "MICROCHIP_OVAL", "MICROCHIP_RECTANGLE"], "claim_summary": "CSV n=150 cols=12 sort_col=None", "columns": ["product", "group", "day", "vr_2", "z_2", "p_2", "vr_5", "z_5", "p_5", "vr_10", "z_10", "p_10"], "n_rows": 150, "top_rows": [{"product": "GALAXY_SOUNDS_BLACK_HOLES", "group": "galaxy_sounds", "day": 2, "vr_2": 0.982279413508957, "z_2": -1.771970043956663, "p_2": 0.076399529979851, "vr_5": 0.972838720560974, "z_5": -1.2396751315489047, "p_5": 0.2150955789288982, "vr_10": 0.9753620989838916, "z_10": -0.7296751643668427, "p_10": 0.465588765488611}, {"product": "GALAXY_SOUNDS_DARK_MATTER", "group": "galaxy_sounds", "day": 2, "vr_2": 1.002142638514134, "z_2": 0.2142531379529738, "p_2": 0.8303496599371978, "vr_5": 0.983266374362226, "z_5": -0.7637438291655695, "p_5": 0.445019916310347, "vr_10": 0.9676311670718744, "z_10": -0.958634157664275, "p_10": 0.3377430785769344}, {"product": "GALAXY_SOUNDS_PLANETARY_RINGS", "group": "galaxy_sounds", "day": 2, "vr_2": 0.994447848886594, "z_2": -0.5551873498909917, "p_2": 0.5787665206139914, "vr_5": 1.00135841789768, "z_5": 0.0619999101951439, "p_5": 0.9505629035192986, "vr_10": 1.0344947837973004, "z_10": 1.0215962399003713, "p_10": 0.3069720380573533}], "evidence_type": "stat_test", "tags": [], "confidence": "medium", "size": 30395}