{"card_id": "ed6aa773a527", "source_path": "ROUND_5/EDA/eda_full/outputs/04_autocorr.csv", "phase_tag": "EDA/eda_full/outputs", "ext": ".csv", "products_mentioned": ["GALAXY_SOUNDS_BLACK_HOLES", "GALAXY_SOUNDS_DARK_MATTER", "GALAXY_SOUNDS_PLANETARY_RINGS", "GALAXY_SOUNDS_SOLAR_FLAMES", "GALAXY_SOUNDS_SOLAR_WINDS", "MICROCHIP_CIRCLE", "MICROCHIP_OVAL", "MICROCHIP_RECTANGLE"], "claim_summary": "CSV n=150 cols=10 sort_col=None", "columns": ["product", "group", "day", "ac1_dm", "ac5_dm", "ac10_dm", "ac1_sign", "ac1_abs", "ac5_abs", "ac10_abs"], "n_rows": 150, "top_rows": [{"product": "GALAXY_SOUNDS_BLACK_HOLES", "group": "galaxy_sounds", "day": 2, "ac1_dm": -0.0176638629087675, "ac5_dm": 0.0070735329903931, "ac10_dm": 0.012623000566556, "ac1_sign": -0.0085254134607914, "ac1_abs": 0.022133095232763, "ac5_abs": 0.0012357770105904, "ac10_abs": -0.0035305663125125}, {"product": "GALAXY_SOUNDS_DARK_MATTER", "group": "galaxy_sounds", "day": 2, "ac1_dm": 0.002111120374385, "ac5_dm": -0.0028705297575487, "ac10_dm": -0.0140242831309603, "ac1_sign": -0.0066972858223003, "ac1_abs": -0.0115479286426935, "ac5_abs": -0.0186988791006553, "ac10_abs": 0.0098946281530181}, {"product": "GALAXY_SOUNDS_PLANETARY_RINGS", "group": "galaxy_sounds", "day": 2, "ac1_dm": -0.0055839110631411, "ac5_dm": 0.0093969228744689, "ac10_dm": -0.0147056693906544, "ac1_sign": 4.722304272605038e-05, "ac1_abs": -0.0076121598962533, "ac5_abs": -0.0016779598668194, "ac10_abs": 0.0180281786047508}], "evidence_type": "stat_test", "tags": [], "confidence": "medium", "size": 27196}