r<=k,trace_stat,cv_5pct
0,48.22770623661903,69.8189
1,26.843083204721857,47.8545
2,13.716870201516862,29.7961
3,6.15031524058377,15.4943
4,1.6976803559361564,3.8415
