,TRANSLATOR_ASTRO_BLACK,TRANSLATOR_ECLIPSE_CHARCOAL,TRANSLATOR_GRAPHITE_MIST,TRANSLATOR_SPACE_GRAY,TRANSLATOR_VOID_BLUE
TRANSLATOR_ASTRO_BLACK,1.0,-0.19684840661594305,-0.192429268254721,0.207711645577772,-0.6654088797856403
TRANSLATOR_ECLIPSE_CHARCOAL,-0.19684840661594305,1.0,-0.03751595269877778,-0.15088901140308486,0.46729210007469674
TRANSLATOR_GRAPHITE_MIST,-0.192429268254721,-0.03751595269877778,1.0,0.02964821178680334,0.09792529661010302
TRANSLATOR_SPACE_GRAY,0.207711645577772,-0.15088901140308486,0.02964821178680334,1.0,-0.5081334986424777
TRANSLATOR_VOID_BLUE,-0.6654088797856403,0.46729210007469674,0.09792529661010302,-0.5081334986424777,1.0
