r<=k,trace_stat,cv_5pct
0,60.57885304350969,69.8189
1,33.70933481045083,47.8545
2,16.28989754894972,29.7961
3,6.992023796728215,15.4943
4,2.6027283892901787,3.8415
