,UV_VISOR_AMBER,UV_VISOR_MAGENTA,UV_VISOR_ORANGE,UV_VISOR_RED,UV_VISOR_YELLOW
UV_VISOR_AMBER,1.0,-0.867276220686244,-0.710638553726838,-0.5885627440575723,-0.11903057967164023
UV_VISOR_MAGENTA,-0.867276220686244,1.0,0.5843864740255512,0.3128424104545114,0.2845641600792554
UV_VISOR_ORANGE,-0.710638553726838,0.5843864740255512,1.0,0.41600878367271216,-0.017530421388273452
UV_VISOR_RED,-0.5885627440575723,0.3128424104545114,0.41600878367271216,1.0,-0.44256946933526664
UV_VISOR_YELLOW,-0.11903057967164023,0.2845641600792554,-0.017530421388273452,-0.44256946933526664,1.0
