{
  "a": 0.1204384251865639,
  "b": 0.027870457179806733,
  "c": 0.2412449886535128,
  "method": "wls",
  "fit_meta": {
    "train_rmse_iv": 0.011898522890029474,
    "test_rmse_iv": 0.015561804184549177,
    "n_points_total": 139063
  },
  "python_snippet": "SMILE_COEFFS = (0.12043843, 0.02787046, 0.24124499)\nSTRIKE_PRIORS = {\"VEV_4000\": {\"mu_iv\": NaN, \"sigma_iv\": NaN}, \"VEV_4500\": {\"mu_iv\": 0.04887837488926772, \"sigma_iv\": 0.00017064404122168905}, \"VEV_5000\": {\"mu_iv\": -0.006033175693919287, \"sigma_iv\": 0.005458370477746021}, \"VEV_5100\": {\"mu_iv\": -0.005226950935647984, \"sigma_iv\": 0.003157847485481433}, \"VEV_5200\": {\"mu_iv\": 0.0028267565736960825, \"sigma_iv\": 0.0027640078858730383}, \"VEV_5300\": {\"mu_iv\": 0.004512718637898671, \"sigma_iv\": 0.0019287978421532225}, \"VEV_5400\": {\"mu_iv\": -0.017712845989451012, \"sigma_iv\": 0.002066380924426537}, \"VEV_5500\": {\"mu_iv\": NaN, \"sigma_iv\": NaN}, \"VEV_6000\": {\"mu_iv\": NaN, \"sigma_iv\": NaN}, \"VEV_6500\": {\"mu_iv\": -0.008204336313939985, \"sigma_iv\": 0.0044692850597259455}}"
}