{
  "VEV_4000": {
    "mu": 0.0,
    "sigma": 0.0,
    "n_obs": 0,
    "median_vega": NaN,
    "mu_iv": NaN,
    "sigma_iv": NaN,
    "median_spread": NaN
  },
  "VEV_4500": {
    "mu": 0.45095344282166344,
    "sigma": 0.0015743673569396657,
    "n_obs": 1013,
    "median_vega": 9.226031836027344,
    "mu_iv": 0.04887837488926772,
    "sigma_iv": 0.00017064404122168905,
    "median_spread": 19.0
  },
  "VEV_5000": {
    "mu": -0.37994709115524683,
    "sigma": 0.343747984590853,
    "n_obs": 10000,
    "median_vega": 62.97630144240415,
    "mu_iv": -0.006033175693919287,
    "sigma_iv": 0.005458370477746021,
    "median_spread": 7.0
  },
  "VEV_5100": {
    "mu": -0.7859157185706847,
    "sigma": 0.47480873768353093,
    "n_obs": 10000,
    "median_vega": 150.3583500680507,
    "mu_iv": -0.005226950935647984,
    "sigma_iv": 0.003157847485481433,
    "median_spread": 5.0
  },
  "VEV_5200": {
    "mu": 0.6842925950368511,
    "sigma": 0.6691025843988128,
    "n_obs": 10000,
    "median_vega": 242.07694479405234,
    "mu_iv": 0.0028267565736960825,
    "sigma_iv": 0.0027640078858730383,
    "median_spread": 3.0
  },
  "VEV_5300": {
    "mu": 1.1281387210143368,
    "sigma": 0.4821819628788494,
    "n_obs": 3991,
    "median_vega": 249.9909282045667,
    "mu_iv": 0.004512718637898671,
    "sigma_iv": 0.0019287978421532225,
    "median_spread": 2.0
  },
  "VEV_5400": {
    "mu": -3.4733475717253555,
    "sigma": 0.40520078876037013,
    "n_obs": 32,
    "median_vega": 196.09200993414203,
    "mu_iv": -0.017712845989451012,
    "sigma_iv": 0.002066380924426537,
    "median_spread": 1.0
  },
  "VEV_5500": {
    "mu": 0.0,
    "sigma": 0.0,
    "n_obs": 0,
    "median_vega": NaN,
    "mu_iv": NaN,
    "sigma_iv": NaN,
    "median_spread": NaN
  },
  "VEV_6000": {
    "mu": 0.0,
    "sigma": 0.0,
    "n_obs": 0,
    "median_vega": NaN,
    "mu_iv": NaN,
    "sigma_iv": NaN,
    "median_spread": NaN
  },
  "VEV_6500": {
    "mu": -0.0619695506019134,
    "sigma": 0.03375770763961499,
    "n_obs": 9688,
    "median_vega": 7.553267958630725,
    "mu_iv": -0.008204336313939985,
    "sigma_iv": 0.0044692850597259455,
    "median_spread": 1.0
  }
}