target,r2,resid_std,resid_hl,coef_ROBOT_IRONING,coef_ROBOT_LAUNDRY,coef_ROBOT_MOPPING,coef_ROBOT_VACUUMING,intercept,coef_ROBOT_DISHES
ROBOT_DISHES,0.6734592978035743,318.07910397215227,363.0895449908745,-0.3270074085233134,-0.4464942039957153,-0.45005239823927806,-0.4479851601557635,26351.856113304886,
ROBOT_IRONING,0.7708570250461865,369.07715018346545,839.2633297076835,,0.015651900384424045,-0.6035255172035536,0.1213313917343606,18545.658913477335,-0.44027257171068096
ROBOT_LAUNDRY,0.729277981843454,319.6324369524614,805.1561434408586,0.011739090480465932,,-0.2779613496421816,0.25545601072310187,14981.250452115542,-0.4508657432946347
ROBOT_MOPPING,0.7914769009064356,350.3129691318886,583.5817610158672,-0.5437180510655122,-0.3338836492294714,,-0.6002796163054678,30082.601345969513,-0.5458901191206788
ROBOT_VACUUMING,0.7737548329518517,254.59279772513867,694.8625722463547,0.057733925732882926,0.16207150350917388,-0.3170541131363294,,13467.059214578658,-0.28700243169569434
