r<=k,trace_stat,cv_5pct
0,65.34200200727537,69.8189
1,39.45534471374159,47.8545
2,17.737123740131143,29.7961
3,8.495782146354427,15.4943
4,0.5820559550773441,3.8415
