target,r2,resid_std,resid_hl,coef_SNACKPACK_PISTACHIO,coef_SNACKPACK_RASPBERRY,coef_SNACKPACK_STRAWBERRY,coef_SNACKPACK_VANILLA,intercept,coef_SNACKPACK_CHOCOLATE
SNACKPACK_CHOCOLATE,0.9483667662547389,45.611767712211616,377.10947187429775,0.1120197059749439,0.011221954820337596,-0.14232697519491885,-0.9220839634174458,19500.95713546102,
SNACKPACK_PISTACHIO,0.7700662299433498,89.90501424904656,960.096690297941,,-0.8518468646636118,-0.30672563039967515,0.31961931674132654,13853.266547763236,0.4352196035228492
SNACKPACK_RASPBERRY,0.7455509379805116,85.65767681360622,740.9557627787962,-0.7732613149380225,,-0.3595443415646514,0.015964025206776908,20719.31264794311,0.039577402789230866
SNACKPACK_STRAWBERRY,0.7987878683451212,163.08409144921762,441.5107031672816,-1.0092655194895195,-1.3032960304327978,,-1.6199756067024413,67692.39480337693,-1.8195190576188558
SNACKPACK_VANILLA,0.9294155317310396,47.42650713910442,395.7151731012753,0.08894211904563853,0.004893866341863989,-0.13700220594984613,,20483.254710281617,-0.9969168649871342
