r<=k,trace_stat,cv_5pct
0,79.1759983067117,69.8189
1,52.692633157791285,47.8545
2,30.23261802972519,29.7961
3,16.387824819216902,15.4943
4,5.105096469155128,3.8415
