,SNACKPACK_CHOCOLATE,SNACKPACK_PISTACHIO,SNACKPACK_RASPBERRY,SNACKPACK_STRAWBERRY,SNACKPACK_VANILLA
SNACKPACK_CHOCOLATE,1.0,0.47043771895490305,0.04608087579302776,-0.5410357062744585,-0.9258729584924743
SNACKPACK_PISTACHIO,0.47043771895490305,1.0,-0.49736120952103047,-0.4412373627927814,-0.313141458726676
SNACKPACK_RASPBERRY,0.04608087579302776,-0.49736120952103047,1.0,-0.41361094370422663,0.02194549909241901
SNACKPACK_STRAWBERRY,-0.5410357062744585,-0.4412373627927814,-0.41361094370422663,1.0,0.28432876351598646
SNACKPACK_VANILLA,-0.9258729584924743,-0.313141458726676,0.02194549909241901,0.28432876351598646,1.0
