,SNACKPACK_CHOCOLATE,SNACKPACK_PISTACHIO,SNACKPACK_RASPBERRY,SNACKPACK_STRAWBERRY,SNACKPACK_VANILLA
SNACKPACK_CHOCOLATE,1.0,0.024861690029625037,0.030729349704220504,0.016796615750091587,-0.9159263257745487
SNACKPACK_PISTACHIO,0.024861690029625037,1.0,-0.8309456090275332,0.9132915988764274,0.039709181041534605
SNACKPACK_RASPBERRY,0.030729349704220504,-0.8309456090275332,1.0,-0.9237847012818317,0.014429816462454852
SNACKPACK_STRAWBERRY,0.016796615750091587,0.9132915988764274,-0.9237847012818317,1.0,0.031106405818432426
SNACKPACK_VANILLA,-0.9159263257745487,0.039709181041534605,0.014429816462454852,0.031106405818432426,1.0
