,GALAXY_SOUNDS_BLACK_HOLES,GALAXY_SOUNDS_DARK_MATTER,GALAXY_SOUNDS_PLANETARY_RINGS,GALAXY_SOUNDS_SOLAR_FLAMES,GALAXY_SOUNDS_SOLAR_WINDS
GALAXY_SOUNDS_BLACK_HOLES,1.0,5.640856674352586e-05,0.0015892753719059251,0.0021450428348597397,0.010298439273948311
GALAXY_SOUNDS_DARK_MATTER,5.640856674352586e-05,1.0,0.006477868740506605,0.004291946194961757,-0.0011045967404855208
GALAXY_SOUNDS_PLANETARY_RINGS,0.0015892753719059251,0.006477868740506605,1.0,0.013669796880135096,-9.623858945618339e-06
GALAXY_SOUNDS_SOLAR_FLAMES,0.0021450428348597397,0.004291946194961757,0.013669796880135096,1.0,0.004190327678297763
GALAXY_SOUNDS_SOLAR_WINDS,0.010298439273948311,-0.0011045967404855208,-9.623858945618339e-06,0.004190327678297763,1.0
