day,phi,intercept,n,r2,var_dmid
2,-0.0008800890858027211,-0.0058580803153866325,9998,7.749058984485302e-07,93.17710529428781
3,-0.004135223677706853,0.021390704315727208,9998,1.7099053593594427e-05,100.19381691144412
4,-0.29043667851047794,0.13855774182393882,9998,0.08435367970388308,754.9273922891839
all_pooled,-0.23172264739120818,0.05063643821014295,29996,0.05369777471219894,316.101840717125
