target,r2,resid_std,resid_hl,coef_PEBBLES_M,coef_PEBBLES_S,coef_PEBBLES_XL,coef_PEBBLES_XS,intercept,coef_PEBBLES_L
PEBBLES_L,0.9999797794506762,2.798408582766374,0.15959992133965303,-0.9999836305404223,-1.0000072904444104,-0.9999906030793704,-0.9999869786873767,49999.6160024968,
PEBBLES_M,0.9999834471151662,2.798354040913981,0.15960393530642958,,-0.9999929837777546,-0.9999655981565624,-0.9999671920379122,49998.61586865404,-0.9999446509372109
PEBBLES_S,0.9999887223737248,2.798296213303388,0.15962062292199328,-0.9999516547632848,,-0.9999458730635654,-0.9999260066864872,49997.43675597061,-0.9999269819242153
PEBBLES_XL,0.9999975186856395,2.7984019451718236,0.1595507369321883,-0.9999998347250543,-1.0000214391472297,,-0.9999937232082642,49999.93904270323,-0.9999858592943914
PEBBLES_XS,0.9999962729087615,2.7984015137942686,0.1595767592782188,-1.0000011203577677,-1.0000012629655939,-0.9999934149074333,,49999.69139082355,-0.9999819266222997
