a,b,best_lag,best_corr
PEBBLES_L,PEBBLES_M,-9,0.014109468832085893
PEBBLES_L,PEBBLES_S,14,0.012442972521125755
PEBBLES_L,PEBBLES_XL,7,0.017400087492767353
PEBBLES_L,PEBBLES_XS,19,0.015457779102816269
PEBBLES_M,PEBBLES_S,20,-0.014214720076627425
PEBBLES_M,PEBBLES_XL,5,-0.01752971885530213
PEBBLES_M,PEBBLES_XS,-17,-0.018091156176035246
PEBBLES_S,PEBBLES_XL,-14,-0.010837478819906298
PEBBLES_S,PEBBLES_XS,14,0.01551546149183689
PEBBLES_XL,PEBBLES_XS,-17,0.021882731971630102
