i,j,lag,group_i,group_j,peak_rho,fA_ic,fA_sharpe,fA_hit,fA_pnl,fB_ic,fB_sharpe,fB_hit,fB_pnl,decay_minus1,decay_plus1,decay_minus2,decay_plus2,min_fold_sharpe,decay_stability
OXYGEN_SHAKE_CHOCOLATE,PEBBLES_XS,39,oxygen_shake,pebbles,0.0218833817449965,0.030832117568374645,2.5173614314083057,0.4857429718875502,3711.0,0.008378263826753884,1.1426079881619784,0.46817269076305223,1646.5,-1.6694520231203127,1.824897987825158,0.48331787027896983,-1.0717584411877885,1.1426079881619784,True
PANEL_1X4,PANEL_1X2,33,panel,panel,0.0212865877306232,0.006751811051690124,0.9623988567104984,0.4763194862532611,791.0,0.008876121497192177,1.2462604603929153,0.4730082279751154,1140.0,0.7039358065048907,0.6331490895384018,0.8197091773811455,0.56482627002761,0.9623988567104984,True
