r<=k,trace_stat,cv_5pct
0,12235.133190605815,69.8189
1,28.51786172304102,47.8545
2,15.695762777114721,29.7961
3,5.819298946102819,15.4943
4,2.7328527065584445,3.8415
