,PEBBLES_L,PEBBLES_M,PEBBLES_S,PEBBLES_XL,PEBBLES_XS
PEBBLES_L,1.0,0.33538756733036784,-0.13602911086232178,-0.19722524209641604,-0.2685514070883033
PEBBLES_M,0.33538756733036784,1.0,-0.6157137748934277,0.3504702680300068,-0.6940755442783505
PEBBLES_S,-0.13602911086232178,-0.6157137748934277,1.0,-0.8343570524569902,0.7982724958895949
PEBBLES_XL,-0.19722524209641604,0.3504702680300068,-0.8343570524569902,1.0,-0.8275696574563158
PEBBLES_XS,-0.2685514070883033,-0.6940755442783505,0.7982724958895949,-0.8275696574563158,1.0
