,PEBBLES_L,PEBBLES_M,PEBBLES_S,PEBBLES_XL,PEBBLES_XS
PEBBLES_L,1.0,0.010830890680833684,0.006598494848502091,-0.5000250243991764,0.005006624482707804
PEBBLES_M,0.010830890680833684,1.0,0.012586281903320276,-0.511539238496931,0.014598624179160599
PEBBLES_S,0.006598494848502091,0.012586281903320276,1.0,-0.4956258053732605,-0.006583211148164688
PEBBLES_XL,-0.5000250243991764,-0.511539238496931,-0.4956258053732605,1.0,-0.49728893789530015
PEBBLES_XS,0.005006624482707804,0.014598624179160599,-0.006583211148164688,-0.49728893789530015,1.0
