r<=k,trace_stat,cv_5pct
0,45.446200815066874,69.8189
1,26.265413082816732,47.8545
2,10.741477392118622,29.7961
3,5.507798427426042,15.4943
4,0.7858998536227328,3.8415
