,OXYGEN_SHAKE_CHOCOLATE,OXYGEN_SHAKE_EVENING_BREATH,OXYGEN_SHAKE_GARLIC,OXYGEN_SHAKE_MINT,OXYGEN_SHAKE_MORNING_BREATH
OXYGEN_SHAKE_CHOCOLATE,1.0,0.1137992925352107,0.645802493731801,-0.24682564862239806,-0.346869354187696
OXYGEN_SHAKE_EVENING_BREATH,0.1137992925352107,1.0,-0.13578756190598443,-0.3052909756745179,-0.32157967313852404
OXYGEN_SHAKE_GARLIC,0.645802493731801,-0.13578756190598443,1.0,-0.32098271860628413,-0.5579056571779268
OXYGEN_SHAKE_MINT,-0.24682564862239806,-0.3052909756745179,-0.32098271860628413,1.0,0.2408539371663626
OXYGEN_SHAKE_MORNING_BREATH,-0.346869354187696,-0.32157967313852404,-0.5579056571779268,0.2408539371663626,1.0
