,OXYGEN_SHAKE_CHOCOLATE,OXYGEN_SHAKE_EVENING_BREATH,OXYGEN_SHAKE_GARLIC,OXYGEN_SHAKE_MINT,OXYGEN_SHAKE_MORNING_BREATH
OXYGEN_SHAKE_CHOCOLATE,1.0,0.00918458618036757,0.006776570793153752,0.006643705650532766,0.003176624512951636
OXYGEN_SHAKE_EVENING_BREATH,0.00918458618036757,1.0,0.006958073217187,0.005392790450853768,0.008811541375152105
OXYGEN_SHAKE_GARLIC,0.006776570793153752,0.006958073217187,1.0,0.0031921088204575855,0.01300188887305818
OXYGEN_SHAKE_MINT,0.006643705650532766,0.005392790450853768,0.0031921088204575855,1.0,0.007159148928150823
OXYGEN_SHAKE_MORNING_BREATH,0.003176624512951636,0.008811541375152105,0.01300188887305818,0.007159148928150823,1.0
