,ROBOT_DISHES,ROBOT_IRONING,ROBOT_LAUNDRY,ROBOT_MOPPING,ROBOT_VACUUMING
ROBOT_DISHES,1.0,0.00040018923055162045,0.001287228512926427,-0.0063575752533973325,0.005406927484767403
ROBOT_IRONING,0.00040018923055162045,1.0,-0.008161738520498962,-0.00022328961512299317,0.012494096049463731
ROBOT_LAUNDRY,0.001287228512926427,-0.008161738520498962,1.0,-0.009377393070450308,-0.001893256311453264
ROBOT_MOPPING,-0.0063575752533973325,-0.00022328961512299317,-0.009377393070450308,1.0,-0.0038802216142378872
ROBOT_VACUUMING,0.005406927484767403,0.012494096049463731,-0.001893256311453264,-0.0038802216142378872,1.0
