i,j,lag,group_i,group_j,peak_rho,fA_ic,fA_sharpe,fA_hit,fA_pnl,fB_ic,fB_sharpe,fB_hit,fB_pnl,decay_minus1,decay_plus1,decay_minus2,decay_plus2,min_fold_sharpe
OXYGEN_SHAKE_MINT,PEBBLES_XL,60,oxygen_shake,pebbles,0.0205142585694847,0.014502570451447053,1.5831221590236675,0.4949190059362109,4725.5,0.017586263783916305,1.463875334741084,0.4958245296307476,4353.0,0.7119126847417768,-0.7961641066614296,-1.037970135639474,0.751690099887625,1.463875334741084
OXYGEN_SHAKE_CHOCOLATE,PEBBLES_XS,39,oxygen_shake,pebbles,0.0218833817449965,0.030832117568374645,2.5173614314083057,0.4857429718875502,3711.0,0.008378263826753884,1.1426079881619784,0.46817269076305223,1646.5,-1.6694520231203127,1.824897987825158,0.48331787027896983,-1.0717584411877885,1.1426079881619784
PANEL_1X4,PANEL_1X2,33,panel,panel,0.0212865877306232,0.006751811051690124,0.9623988567104984,0.4763194862532611,791.0,0.008876121497192177,1.2462604603929153,0.4730082279751154,1140.0,0.7039358065048907,0.6331490895384018,0.8197091773811455,0.56482627002761,0.9623988567104984
PEBBLES_M,SNACKPACK_PISTACHIO,13,pebbles,snackpack,-0.0230433954094447,0.009612353950996484,1.1327564073619332,0.47085920288403765,588.0,0.005944006427342674,0.8554128165552698,0.47085920288403765,437.0,-0.9350690110630653,-0.14776776036337635,0.9943895575805276,-0.2957016113839694,0.8554128165552698
MICROCHIP_RECTANGLE,PANEL_1X2,47,microchip,panel,0.0259670885979076,0.01089319633807994,0.8323295930980098,0.47889871382636656,687.5,0.003990634330737589,1.2382003926761722,0.48181270096463025,1137.5,-1.0333353150404476,-0.350973761520778,-0.22807233652692716,-1.2377387367845818,0.8323295930980098
