param,n_values,n_pass_a_b_c,max_contig_pass,best_value,best_fold_median,anchor
PAIR_TILT_DIVISOR,6,1,1,2.0,364290.0,1.6954539758647382
PAIR_TILT_CLIP,6,0,0,10.0,360391.0,11.580589313026014
INV_SKEW_BETA,5,0,0,0.15,362905.0,0.11941156188118197
QUOTE_BASE_SIZE_CAP,4,4,4,4.0,363944.0,6.0
fair_quote_gate,5,1,1,0.75,364273.0,0.5917180894406724
