,SLEEP_POD_COTTON,SLEEP_POD_LAMB_WOOL,SLEEP_POD_NYLON,SLEEP_POD_POLYESTER,SLEEP_POD_SUEDE
SLEEP_POD_COTTON,1.0,0.06407416984270936,0.3974435453972764,0.8752369904279045,0.7009587499325113
SLEEP_POD_LAMB_WOOL,0.06407416984270936,1.0,0.49317301761675175,-0.03845542885046433,-0.06045321246383125
SLEEP_POD_NYLON,0.3974435453972764,0.49317301761675175,1.0,0.3075716927503879,0.19029358057997273
SLEEP_POD_POLYESTER,0.8752369904279045,-0.03845542885046433,0.3075716927503879,1.0,0.859616647598686
SLEEP_POD_SUEDE,0.7009587499325113,-0.06045321246383125,0.19029358057997273,0.859616647598686,1.0
